topic,doc,score,rel
251,clueweb12-1910wb-42-00582,-1.0,1
251,clueweb12-1910wb-37-25683,-2.0,0
251,clueweb12-1910wb-43-12562,-3.0,1
251,clueweb12-1804wb-20-18328,-4.0,1
251,clueweb12-0405wb-80-35203,-5.0,0
251,clueweb12-1201wb-26-13367,-6.0,2
251,clueweb12-1201wb-26-13366,-7.0,2
251,clueweb12-0602wb-37-17314,-8.0,1
251,clueweb12-1200wb-96-10642,-9.0,2
251,clueweb12-1201wb-37-08348,-10.0,2
251,clueweb12-0909wb-35-31320,-11.0,1
251,clueweb12-1908wb-41-32483,-12.0,0
251,clueweb12-1910wb-01-02874,-13.0,1
251,clueweb12-1201wb-37-08347,-14.0,2
251,clueweb12-1612wb-98-14728,-15.0,1
251,clueweb12-0012wb-33-31849,-16.0,1
251,clueweb12-0100wb-80-33187,-17.0,1
251,clueweb12-0400wb-52-10850,-18.0,1
251,clueweb12-0505wb-68-14736,-19.0,1
251,clueweb12-0108wb-90-14061,-20.0,1
251,clueweb12-0208wb-52-10624,-21.0,2
251,clueweb12-1709wb-19-37066,-22.0,1
251,clueweb12-0108wb-10-15448,-23.0,1
251,clueweb12-0300wb-04-06548,-24.0,1
251,clueweb12-0207wb-62-25632,-25.0,2
251,clueweb12-0604wb-50-14586,-26.0,0
251,clueweb12-0009wb-84-05364,-27.0,1
251,clueweb12-0100wb-13-13091,-28.0,1
251,clueweb12-1500tw-16-12779,-29.0,0
251,clueweb12-0304wb-17-25958,-30.0,1
251,clueweb12-1400tw-34-10410,-31.0,0
251,clueweb12-1910wb-82-31154,-32.0,0
251,clueweb12-0009wb-34-16768,-33.0,1
251,clueweb12-1911wb-19-29826,-34.0,0
251,clueweb12-0109wb-20-20925,-35.0,0
251,clueweb12-0013wb-19-06381,-36.0,1
251,clueweb12-1910wb-76-01078,-37.0,0
251,clueweb12-1500tw-81-14434,-38.0,0
251,clueweb12-0813wb-59-12212,-39.0,1
251,clueweb12-0109wb-06-13819,-40.0,1
251,clueweb12-1911wb-72-01937,-41.0,2
251,clueweb12-0206wb-59-32292,-42.0,2
251,clueweb12-0600wb-02-04092,-43.0,2
251,clueweb12-1000wb-04-21414,-44.0,1
251,clueweb12-0109wb-53-19386,-45.0,0
251,clueweb12-0000wb-01-01965,-46.0,2
251,clueweb12-0005wb-40-31709,-47.0,2
251,clueweb12-0005wb-40-24623,-48.0,1
251,clueweb12-0000wb-01-01996,-49.0,1
251,clueweb12-0400wb-81-10184,-50.0,1
252,clueweb12-1414wb-09-02051,-1.0,1
252,clueweb12-0900wb-33-02599,-2.0,1
252,clueweb12-0818wb-59-24866,-3.0,1
252,clueweb12-1110wb-87-15284,-4.0,1
252,clueweb12-0900wb-33-02605,-5.0,1
252,clueweb12-0819wb-08-17816,-6.0,1
252,clueweb12-0818wb-84-22479,-7.0,1
252,clueweb12-0900wb-54-19674,-8.0,1
252,clueweb12-0818wb-65-21545,-9.0,1
252,clueweb12-0818wb-75-12922,-10.0,1
252,clueweb12-0819wb-08-17811,-11.0,1
252,clueweb12-0818wb-84-22473,-12.0,1
252,clueweb12-0818wb-81-06716,-13.0,1
252,clueweb12-0819wb-09-23611,-14.0,1
252,clueweb12-0900wb-33-02601,-15.0,1
252,clueweb12-0818wb-81-06721,-16.0,1
252,clueweb12-0819wb-08-17812,-17.0,1
252,clueweb12-0818wb-65-21544,-18.0,1
252,clueweb12-0818wb-81-06718,-19.0,1
252,clueweb12-0900wb-33-02602,-20.0,1
252,clueweb12-0818wb-84-22474,-21.0,1
252,clueweb12-0900wb-33-02598,-22.0,2
252,clueweb12-0818wb-81-06717,-23.0,1
252,clueweb12-0818wb-65-21543,-24.0,1
252,clueweb12-0818wb-84-22472,-25.0,1
252,clueweb12-0818wb-59-24869,-26.0,0
252,clueweb12-0818wb-53-25681,-27.0,1
252,clueweb12-0818wb-81-06719,-28.0,1
252,clueweb12-0818wb-65-21547,-29.0,1
252,clueweb12-0818wb-75-12921,-30.0,1
252,clueweb12-0818wb-81-06720,-31.0,2
252,clueweb12-0818wb-65-21552,-32.0,1
252,clueweb12-0905wb-26-22154,-33.0,1
252,clueweb12-0904wb-10-06820,-34.0,1
252,clueweb12-0905wb-26-22156,-35.0,1
252,clueweb12-0905wb-26-22153,-36.0,1
252,clueweb12-0905wb-29-17118,-37.0,1
252,clueweb12-0211wb-66-14474,-38.0,1
252,clueweb12-1206wb-40-25916,-39.0,1
252,clueweb12-0903wb-17-22085,-40.0,1
252,clueweb12-0905wb-29-17120,-41.0,1
252,clueweb12-0904wb-11-25908,-42.0,1
252,clueweb12-0905wb-29-17092,-43.0,1
252,clueweb12-0904wb-11-25907,-44.0,1
252,clueweb12-0905wb-29-17093,-45.0,1
252,clueweb12-0904wb-11-25906,-46.0,1
252,clueweb12-0905wb-29-17094,-47.0,1
252,clueweb12-0818wb-84-22478,-48.0,1
252,clueweb12-0903wb-22-02552,-49.0,1
252,clueweb12-0900wb-33-02606,-50.0,0
253,clueweb12-0011wb-51-25895,-1.0,1
253,clueweb12-0000wb-46-33759,-2.0,2
253,clueweb12-1703wb-20-15464,-3.0,2
253,clueweb12-1706wb-25-14376,-4.0,1
253,clueweb12-1600wb-32-12121,-5.0,0
253,clueweb12-0400wb-23-00497,-6.0,3
253,clueweb12-1514wb-57-03328,-7.0,0
253,clueweb12-0304wb-36-00841,-8.0,3
253,clueweb12-1702wb-71-16135,-9.0,2
253,clueweb12-0403wb-94-28586,-10.0,2
253,clueweb12-1807wb-03-27777,-11.0,1
253,clueweb12-1807wb-02-15471,-12.0,1
253,clueweb12-1807wb-02-15470,-13.0,0
253,clueweb12-1200wb-04-05969,-14.0,1
253,clueweb12-1308wb-63-19206,-15.0,2
253,clueweb12-0006wb-91-28207,-16.0,0
253,clueweb12-0309wb-05-07720,-17.0,0
253,clueweb12-1009wb-86-08331,-18.0,0
253,clueweb12-0502wb-88-29673,-19.0,1
253,clueweb12-0510wb-93-01089,-20.0,1
253,clueweb12-1106wb-08-13890,-21.0,2
253,clueweb12-0310wb-96-03302,-22.0,0
253,clueweb12-0109wb-79-14226,-23.0,0
253,clueweb12-1012wb-13-11360,-24.0,0
253,clueweb12-1113wb-05-18208,-25.0,2
253,clueweb12-1911wb-46-16814,-26.0,2
253,clueweb12-0306wb-63-12927,-27.0,2
253,clueweb12-0203wb-96-00908,-28.0,1
253,clueweb12-0906wb-97-15202,-29.0,0
253,clueweb12-1815wb-15-16503,-30.0,0
253,clueweb12-1207wb-00-20715,-31.0,0
253,clueweb12-1300wb-04-30925,-32.0,0
253,clueweb12-1808wb-73-04277,-33.0,2
253,clueweb12-0510wb-21-23749,-34.0,1
253,clueweb12-1908wb-96-04029,-35.0,0
253,clueweb12-1807wb-07-01825,-36.0,1
253,clueweb12-1908wb-33-27708,-37.0,0
253,clueweb12-1307wb-35-08310,-38.0,2
253,clueweb12-1807wb-03-27776,-39.0,1
253,clueweb12-1807wb-02-15463,-40.0,1
253,clueweb12-1908wb-01-19275,-41.0,0
253,clueweb12-1308wb-17-11570,-42.0,0
253,clueweb12-1300wb-96-06372,-43.0,0
253,clueweb12-1810wb-66-07754,-44.0,0
253,clueweb12-0818wb-67-06435,-45.0,0
253,clueweb12-1910wb-33-14988,-46.0,1
253,clueweb12-0905wb-66-04908,-47.0,0
253,clueweb12-0112wb-55-02454,-48.0,1
253,clueweb12-1705wb-30-30203,-49.0,1
253,clueweb12-1702wb-95-23938,-50.0,1
254,clueweb12-0310wb-71-14085,-1.0,1
254,clueweb12-0918wb-07-25717,-2.0,2
254,clueweb12-0400tw-40-09205,-3.0,2
254,clueweb12-0013wb-07-22110,-4.0,3
254,clueweb12-0000wb-45-39534,-5.0,1
254,clueweb12-1110wb-45-18927,-6.0,1
254,clueweb12-1307wb-55-11291,-7.0,1
254,clueweb12-0911wb-52-13618,-8.0,1
254,clueweb12-0201wb-28-25898,-9.0,1
254,clueweb12-0001wb-60-12929,-10.0,1
254,clueweb12-0106wb-47-28483,-11.0,1
254,clueweb12-0406wb-79-22467,-12.0,1
254,clueweb12-0410wb-57-22052,-13.0,1
254,clueweb12-0104wb-69-03363,-14.0,1
254,clueweb12-0305wb-35-25606,-15.0,1
254,clueweb12-0410wb-57-22054,-16.0,1
254,clueweb12-0410wb-57-22051,-17.0,1
254,clueweb12-0812wb-13-00914,-18.0,1
254,clueweb12-0001wb-69-37267,-19.0,2
254,clueweb12-0410wb-57-22053,-20.0,1
254,clueweb12-0503wb-89-02816,-21.0,0
254,clueweb12-0601wb-66-00326,-22.0,2
254,clueweb12-0305wb-42-06791,-23.0,2
254,clueweb12-0002wb-58-24242,-24.0,0
254,clueweb12-0507wb-27-24015,-25.0,0
254,clueweb12-0001wb-84-12636,-26.0,0
254,clueweb12-0911wb-52-13617,-27.0,0
254,clueweb12-0911wb-44-11159,-28.0,1
254,clueweb12-0002wb-32-29624,-29.0,1
254,clueweb12-0911wb-52-13626,-30.0,1
254,clueweb12-0001wb-84-12639,-31.0,0
254,clueweb12-0001wb-69-37268,-32.0,1
254,clueweb12-0001wb-84-12637,-33.0,2
254,clueweb12-1211wb-49-08467,-34.0,0
254,clueweb12-0001wb-84-12638,-35.0,0
254,clueweb12-0918wb-19-04524,-36.0,1
254,clueweb12-1713wb-98-18024,-37.0,0
254,clueweb12-0711wb-70-11664,-38.0,1
254,clueweb12-0816wb-86-20721,-39.0,1
254,clueweb12-1106wb-12-05749,-40.0,0
254,clueweb12-0001wb-90-10153,-41.0,1
254,clueweb12-0105wb-68-24880,-42.0,0
254,clueweb12-0911wb-76-02521,-43.0,1
254,clueweb12-0911wb-52-13619,-44.0,1
254,clueweb12-1505wb-08-12191,-45.0,0
254,clueweb12-0911wb-62-24133,-46.0,1
254,clueweb12-1313wb-00-13479,-47.0,1
254,clueweb12-0010wb-95-15797,-48.0,1
254,clueweb12-1200wb-29-10972,-49.0,0
254,clueweb12-1314wb-72-12410,-50.0,0
255,clueweb12-1200wb-43-26294,-1.0,0
255,clueweb12-1200wb-49-28633,-2.0,0
255,clueweb12-1200wb-49-28634,-3.0,0
255,clueweb12-1214wb-19-27320,-4.0,0
255,clueweb12-1112wb-73-10031,-5.0,0
255,clueweb12-1610wb-10-17237,-6.0,0
255,clueweb12-1406wb-11-19061,-7.0,0
255,clueweb12-0004wb-32-00276,-8.0,0
255,clueweb12-0400wb-05-22688,-9.0,0
255,clueweb12-1903wb-15-23451,-10.0,0
255,clueweb12-0502wb-78-09585,-11.0,0
255,clueweb12-0607wb-79-00196,-12.0,0
255,clueweb12-0100wb-22-04339,-13.0,0
255,clueweb12-1414wb-38-08413,-14.0,0
255,clueweb12-0914wb-03-16324,-15.0,0
255,clueweb12-0109wb-26-12493,-16.0,0
255,clueweb12-0804wb-16-17287,-17.0,0
255,clueweb12-1903wb-30-13726,-18.0,0
255,clueweb12-1201wb-39-17164,-19.0,0
255,clueweb12-1903wb-33-00334,-20.0,0
255,clueweb12-1903wb-03-19459,-21.0,0
255,clueweb12-1903wb-33-00341,-22.0,0
255,clueweb12-1903wb-09-18447,-23.0,0
255,clueweb12-1903wb-33-00340,-24.0,0
255,clueweb12-1501wb-16-19456,-25.0,0
255,clueweb12-1903wb-30-13721,-26.0,0
255,clueweb12-0101wb-45-05938,-27.0,0
255,clueweb12-1903wb-35-14225,-28.0,0
255,clueweb12-0012wb-41-02273,-29.0,0
255,clueweb12-1200wb-49-28635,-30.0,0
255,clueweb12-0002wb-92-12637,-31.0,0
255,clueweb12-0012wb-82-08258,-32.0,0
255,clueweb12-1708wb-10-06047,-33.0,0
255,clueweb12-0109wb-23-01967,-34.0,0
255,clueweb12-0012wb-38-00083,-35.0,0
255,clueweb12-1900wb-83-26878,-36.0,0
255,clueweb12-1104wb-21-04734,-37.0,0
255,clueweb12-1118wb-12-22946,-38.0,0
255,clueweb12-0501wb-71-28245,-39.0,0
255,clueweb12-0003wb-77-02217,-40.0,0
255,clueweb12-0205wb-72-26621,-41.0,0
255,clueweb12-1100wb-33-12519,-42.0,0
255,clueweb12-0205wb-87-16382,-43.0,0
255,clueweb12-0110wb-95-07868,-44.0,0
255,clueweb12-1516wb-80-15938,-45.0,0
255,clueweb12-0004wb-11-15010,-46.0,0
255,clueweb12-0004wb-36-00788,-47.0,0
255,clueweb12-0102wb-01-17138,-48.0,0
255,clueweb12-0102wb-01-17137,-49.0,0
255,clueweb12-0110wb-86-10689,-50.0,0
256,clueweb12-0209wb-89-18741,-1.0,1
256,clueweb12-1200tw-28-09366,-2.0,3
256,clueweb12-0917wb-32-01347,-3.0,0
256,clueweb12-0311wb-48-04877,-4.0,3
256,clueweb12-0501wb-75-15329,-5.0,0
256,clueweb12-0107wb-44-28502,-6.0,0
256,clueweb12-1005wb-56-13580,-7.0,1
256,clueweb12-0100wb-66-00383,-8.0,0
256,clueweb12-0101wb-50-04295,-9.0,0
256,clueweb12-0501wb-67-35431,-10.0,1
256,clueweb12-0105wb-51-20667,-11.0,1
256,clueweb12-0401wb-54-17992,-12.0,1
256,clueweb12-1217wb-50-04296,-13.0,0
256,clueweb12-1905wb-37-10758,-14.0,0
256,clueweb12-1508wb-39-18791,-15.0,1
256,clueweb12-1515wb-86-30779,-16.0,1
256,clueweb12-0011wb-89-24667,-17.0,1
256,clueweb12-0007wb-05-15772,-18.0,0
256,clueweb12-1515wb-86-30781,-19.0,1
256,clueweb12-1515wb-93-15298,-20.0,1
256,clueweb12-0011wb-98-30586,-21.0,1
256,clueweb12-0012wb-18-06695,-22.0,1
256,clueweb12-1003wb-20-01826,-23.0,1
256,clueweb12-1515wb-91-31064,-24.0,1
256,clueweb12-0012wb-11-05278,-25.0,1
256,clueweb12-0205wb-45-21095,-26.0,0
256,clueweb12-0008wb-41-20997,-27.0,1
256,clueweb12-1515wb-86-30780,-28.0,1
256,clueweb12-0011wb-98-30583,-29.0,1
256,clueweb12-1303wb-58-25908,-30.0,0
256,clueweb12-0012wb-11-05284,-31.0,1
256,clueweb12-1515wb-95-02042,-32.0,1
256,clueweb12-1908wb-15-10116,-33.0,2
256,clueweb12-0302wb-33-11082,-34.0,1
256,clueweb12-0800tw-69-00786,-35.0,0
256,clueweb12-0100wb-83-12566,-36.0,1
256,clueweb12-0808wb-73-24724,-37.0,1
256,clueweb12-1202wb-87-05723,-38.0,1
256,clueweb12-1308wb-31-16096,-39.0,1
256,clueweb12-1504wb-20-05423,-40.0,0
256,clueweb12-0312wb-31-28424,-41.0,0
256,clueweb12-0100wb-88-00398,-42.0,0
256,clueweb12-0003wb-98-16687,-43.0,0
256,clueweb12-1508wb-07-16763,-44.0,0
256,clueweb12-0006wb-68-11974,-45.0,1
256,clueweb12-1714wb-78-17984,-46.0,1
256,clueweb12-0100wb-92-19973,-47.0,1
256,clueweb12-0204wb-02-20187,-48.0,1
256,clueweb12-1716wb-70-18701,-49.0,1
256,clueweb12-0101wb-02-03146,-50.0,1
257,clueweb12-0307wb-19-32218,-1.0,0
257,clueweb12-0307wb-44-30631,-2.0,1
257,clueweb12-0000wb-97-21920,-3.0,2
257,clueweb12-0506wb-50-32569,-4.0,2
257,clueweb12-1407wb-13-05186,-5.0,0
257,clueweb12-1407wb-08-08201,-6.0,0
257,clueweb12-0207wb-77-11609,-7.0,1
257,clueweb12-0306wb-36-26442,-8.0,2
257,clueweb12-0307wb-44-30628,-9.0,0
257,clueweb12-0204wb-24-01393,-10.0,1
257,clueweb12-0307wb-29-15703,-11.0,0
257,clueweb12-0003wb-11-34741,-12.0,0
257,clueweb12-0307wb-19-32213,-13.0,2
257,clueweb12-0307wb-44-30625,-14.0,2
257,clueweb12-0307wb-44-30629,-15.0,2
257,clueweb12-0307wb-29-15702,-16.0,2
257,clueweb12-0307wb-29-15701,-17.0,0
257,clueweb12-0307wb-29-15709,-18.0,2
257,clueweb12-0308wb-70-17297,-19.0,1
257,clueweb12-0307wb-29-15712,-20.0,2
257,clueweb12-0500wb-86-16726,-21.0,1
257,clueweb12-0307wb-44-30627,-22.0,2
257,clueweb12-0307wb-44-30623,-23.0,2
257,clueweb12-0307wb-19-32215,-24.0,2
257,clueweb12-0307wb-29-15704,-25.0,2
257,clueweb12-0307wb-29-15705,-26.0,0
257,clueweb12-0100wb-53-19936,-27.0,0
257,clueweb12-0100wb-59-13913,-28.0,0
257,clueweb12-0307wb-29-15706,-29.0,2
257,clueweb12-0307wb-29-15707,-30.0,2
257,clueweb12-0006wb-00-03918,-31.0,0
257,clueweb12-0307wb-44-30626,-32.0,2
257,clueweb12-0307wb-19-32216,-33.0,0
257,clueweb12-0306wb-64-27321,-34.0,0
257,clueweb12-0504wb-15-08129,-35.0,0
257,clueweb12-0310wb-98-09292,-36.0,1
257,clueweb12-1407wb-03-27976,-37.0,0
257,clueweb12-1807wb-14-17920,-38.0,0
257,clueweb12-1002wb-21-03607,-39.0,0
257,clueweb12-1111wb-40-12670,-40.0,0
257,clueweb12-0106wb-09-26881,-41.0,0
257,clueweb12-0610wb-25-29142,-42.0,1
257,clueweb12-1300tw-48-14020,-43.0,1
257,clueweb12-0202wb-16-08246,-44.0,1
257,clueweb12-0206wb-40-34716,-45.0,2
257,clueweb12-1100tw-63-01000,-46.0,1
257,clueweb12-1206wb-21-05539,-47.0,0
257,clueweb12-0105wb-04-22090,-48.0,0
257,clueweb12-0001wb-37-08116,-49.0,1
257,clueweb12-0100wb-82-00700,-50.0,0
258,clueweb12-1701wb-13-14909,-1.0,0
258,clueweb12-1314wb-18-16008,-2.0,0
258,clueweb12-0007wb-44-02069,-3.0,0
258,clueweb12-0303wb-95-29572,-4.0,0
258,clueweb12-0200wb-70-02925,-5.0,0
258,clueweb12-0908wb-19-06266,-6.0,0
258,clueweb12-0305wb-31-00824,-7.0,0
258,clueweb12-0305wb-47-01452,-8.0,0
258,clueweb12-0305wb-14-06101,-9.0,0
258,clueweb12-0305wb-14-06100,-10.0,0
258,clueweb12-0305wb-04-00514,-11.0,0
258,clueweb12-0305wb-21-09478,-12.0,0
258,clueweb12-0309wb-85-00185,-13.0,0
258,clueweb12-1702wb-51-11395,-14.0,2
258,clueweb12-0111wb-63-32404,-15.0,0
258,clueweb12-0702wb-63-24231,-16.0,2
258,clueweb12-0311wb-37-01962,-17.0,0
258,clueweb12-0407wb-59-19279,-18.0,0
258,clueweb12-1700wb-63-03701,-19.0,1
258,clueweb12-0917wb-99-03785,-20.0,1
258,clueweb12-0903wb-67-24006,-21.0,0
258,clueweb12-0304wb-04-25969,-22.0,0
258,clueweb12-1703wb-10-22667,-23.0,0
258,clueweb12-0005wb-79-05629,-24.0,0
258,clueweb12-1815wb-09-03504,-25.0,0
258,clueweb12-0200wb-63-14725,-26.0,0
258,clueweb12-1814wb-73-27694,-27.0,0
258,clueweb12-0200wb-78-12957,-28.0,0
258,clueweb12-0002wb-07-11211,-29.0,0
258,clueweb12-0208wb-29-14861,-30.0,0
258,clueweb12-1500wb-91-15129,-31.0,1
258,clueweb12-0103wb-99-09817,-32.0,0
258,clueweb12-1507wb-55-07386,-33.0,0
258,clueweb12-0010wb-38-02352,-34.0,0
258,clueweb12-0108wb-01-29633,-35.0,1
258,clueweb12-0809wb-27-31229,-36.0,0
258,clueweb12-0809wb-39-10122,-37.0,0
258,clueweb12-0809wb-06-14440,-38.0,0
258,clueweb12-0211wb-59-20468,-39.0,1
258,clueweb12-0800tw-38-08852,-40.0,0
258,clueweb12-1501wb-20-30504,-41.0,1
258,clueweb12-1505wb-54-04754,-42.0,0
258,clueweb12-0910wb-31-20332,-43.0,0
258,clueweb12-0309wb-46-22958,-44.0,2
258,clueweb12-0601wb-96-03673,-45.0,1
258,clueweb12-0103wb-57-12464,-46.0,2
258,clueweb12-0208wb-29-14863,-47.0,1
258,clueweb12-0106wb-89-31145,-48.0,2
258,clueweb12-0203wb-38-24032,-49.0,0
258,clueweb12-1508wb-54-08102,-50.0,0
259,clueweb12-1810wb-48-15828,-1.0,0
259,clueweb12-0109wb-56-30544,-2.0,0
259,clueweb12-1808wb-79-06347,-3.0,1
259,clueweb12-1808wb-79-06348,-4.0,1
259,clueweb12-0210wb-39-15880,-5.0,0
259,clueweb12-0104wb-98-03589,-6.0,1
259,clueweb12-1712wb-10-10034,-7.0,1
259,clueweb12-1808wb-75-28671,-8.0,1
259,clueweb12-1808wb-75-28679,-9.0,1
259,clueweb12-1100tw-48-06437,-10.0,0
259,clueweb12-1808wb-79-06346,-11.0,1
259,clueweb12-1808wb-75-28676,-12.0,1
259,clueweb12-1808wb-75-28678,-13.0,1
259,clueweb12-1808wb-79-06349,-14.0,1
259,clueweb12-1808wb-75-28673,-15.0,1
259,clueweb12-1808wb-79-06358,-16.0,1
259,clueweb12-1808wb-79-06350,-17.0,1
259,clueweb12-1807wb-43-33384,-18.0,1
259,clueweb12-1808wb-79-06359,-19.0,1
259,clueweb12-1808wb-79-06351,-20.0,1
259,clueweb12-0210wb-12-06931,-21.0,0
259,clueweb12-1100tw-48-06435,-22.0,0
259,clueweb12-1700tw-67-18384,-23.0,0
259,clueweb12-1100tw-48-06436,-24.0,0
259,clueweb12-1100tw-50-08951,-25.0,0
259,clueweb12-1611wb-01-27014,-26.0,1
259,clueweb12-1503wb-13-17532,-27.0,1
259,clueweb12-0004wb-84-17100,-28.0,1
259,clueweb12-1212wb-56-11075,-29.0,1
259,clueweb12-1812wb-20-11156,-30.0,1
259,clueweb12-0312wb-20-01659,-31.0,1
259,clueweb12-0806wb-62-25315,-32.0,0
259,clueweb12-1502wb-34-01847,-33.0,1
259,clueweb12-1900tw-27-05485,-34.0,1
259,clueweb12-0110wb-34-31379,-35.0,0
259,clueweb12-1911wb-86-13683,-36.0,1
259,clueweb12-0206wb-36-06413,-37.0,1
259,clueweb12-1200wb-86-28634,-38.0,1
259,clueweb12-0412wb-03-29213,-39.0,1
259,clueweb12-1300tw-71-16757,-40.0,1
259,clueweb12-1300tw-70-00294,-41.0,1
259,clueweb12-1601wb-24-02892,-42.0,1
259,clueweb12-0806wb-24-36807,-43.0,0
259,clueweb12-1213wb-06-08284,-44.0,0
259,clueweb12-0504wb-35-07324,-45.0,1
259,clueweb12-1804wb-00-12275,-46.0,1
259,clueweb12-0003wb-09-30832,-47.0,1
259,clueweb12-1601wb-42-00581,-48.0,1
259,clueweb12-1715wb-10-04532,-49.0,0
259,clueweb12-1201tw-15-17780,-50.0,0
260,clueweb12-0002wb-53-13100,-1.0,0
260,clueweb12-0202wb-90-05223,-2.0,0
260,clueweb12-1316wb-05-30341,-3.0,0
260,clueweb12-1316wb-23-11092,-4.0,2
260,clueweb12-0408wb-17-14676,-5.0,0
260,clueweb12-0410wb-62-17935,-6.0,0
260,clueweb12-0308wb-23-18757,-7.0,0
260,clueweb12-1118wb-21-03405,-8.0,0
260,clueweb12-0301tw-55-04967,-9.0,0
260,clueweb12-0408wb-47-02558,-10.0,0
260,clueweb12-1300tw-33-13603,-11.0,0
260,clueweb12-0507wb-10-01404,-12.0,0
260,clueweb12-0409wb-79-24196,-13.0,0
260,clueweb12-0111wb-31-00658,-14.0,3
260,clueweb12-0409wb-91-15505,-15.0,0
260,clueweb12-0007wb-13-04441,-16.0,0
260,clueweb12-0001wb-82-19284,-17.0,0
260,clueweb12-1000tw-47-16240,-18.0,0
260,clueweb12-1416wb-58-06323,-19.0,0
260,clueweb12-1902wb-69-19121,-20.0,0
260,clueweb12-0917wb-42-11028,-21.0,0
260,clueweb12-1905wb-54-09344,-22.0,0
260,clueweb12-0400wb-73-04300,-23.0,0
260,clueweb12-1807wb-28-05610,-24.0,0
260,clueweb12-1306wb-48-20602,-25.0,0
260,clueweb12-1607wb-92-23369,-26.0,0
260,clueweb12-1806wb-23-10226,-27.0,0
260,clueweb12-1611wb-26-17244,-28.0,0
260,clueweb12-1016wb-92-16341,-29.0,0
260,clueweb12-0812wb-31-07862,-30.0,1
260,clueweb12-0914wb-36-12409,-31.0,0
260,clueweb12-1714wb-87-30078,-32.0,0
260,clueweb12-0400wb-35-20381,-33.0,0
260,clueweb12-0400tw-18-09573,-34.0,0
260,clueweb12-0311wb-03-30033,-35.0,0
260,clueweb12-1100wb-22-14585,-36.0,0
260,clueweb12-1018wb-30-20687,-37.0,0
260,clueweb12-1018wb-30-20686,-38.0,0
260,clueweb12-1017wb-91-04018,-39.0,0
260,clueweb12-1021wb-12-03934,-40.0,0
260,clueweb12-1104wb-77-05531,-41.0,1
260,clueweb12-1007wb-85-20119,-42.0,0
260,clueweb12-0311wb-55-02731,-43.0,0
260,clueweb12-0302wb-44-28967,-44.0,0
260,clueweb12-1801wb-85-25283,-45.0,0
260,clueweb12-0501wb-16-10737,-46.0,0
260,clueweb12-1610wb-26-26433,-47.0,0
260,clueweb12-1312wb-71-11442,-48.0,0
260,clueweb12-1311wb-53-11566,-49.0,0
260,clueweb12-1312wb-66-22800,-50.0,0
261,clueweb12-0206wb-39-12389,-1.0,0
261,clueweb12-0402wb-03-24282,-2.0,2
261,clueweb12-0913wb-21-00771,-3.0,0
261,clueweb12-0913wb-21-00775,-4.0,0
261,clueweb12-1203wb-46-27650,-5.0,0
261,clueweb12-0813wb-87-04287,-6.0,0
261,clueweb12-0202wb-91-11471,-7.0,0
261,clueweb12-0206wb-16-32520,-8.0,0
261,clueweb12-1909wb-40-23233,-9.0,0
261,clueweb12-0611wb-52-12698,-10.0,1
261,clueweb12-0609wb-19-17576,-11.0,1
261,clueweb12-1108wb-49-20566,-12.0,0
261,clueweb12-1010wb-75-11897,-13.0,0
261,clueweb12-0000wb-83-12411,-14.0,0
261,clueweb12-0200tw-94-13209,-15.0,0
261,clueweb12-0108wb-83-27468,-16.0,0
261,clueweb12-0305wb-54-20162,-17.0,1
261,clueweb12-1009wb-71-21483,-18.0,0
261,clueweb12-0509wb-35-28893,-19.0,0
261,clueweb12-1802wb-11-09712,-20.0,0
261,clueweb12-1901wb-76-07112,-21.0,0
261,clueweb12-1400wb-06-21425,-22.0,0
261,clueweb12-1316wb-34-07307,-23.0,0
261,clueweb12-1406wb-97-01511,-24.0,2
261,clueweb12-1710wb-14-28504,-25.0,0
261,clueweb12-0815wb-89-14688,-26.0,0
261,clueweb12-0404wb-64-07754,-27.0,0
261,clueweb12-1713wb-65-15468,-28.0,0
261,clueweb12-1010wb-34-00632,-29.0,0
261,clueweb12-1602wb-06-09681,-30.0,1
261,clueweb12-1601wb-41-19222,-31.0,1
261,clueweb12-1900wb-10-02785,-32.0,0
261,clueweb12-0200wb-34-33607,-33.0,0
261,clueweb12-0006wb-22-21164,-34.0,0
261,clueweb12-1904wb-30-12698,-35.0,0
261,clueweb12-1900tw-61-18571,-36.0,0
261,clueweb12-1900tw-61-18572,-37.0,0
261,clueweb12-0200wb-06-04298,-38.0,0
261,clueweb12-0301wb-96-01821,-39.0,0
261,clueweb12-0210wb-38-13181,-40.0,0
261,clueweb12-0404wb-64-07752,-41.0,0
261,clueweb12-0404wb-64-07755,-42.0,0
261,clueweb12-1705wb-33-23203,-43.0,1
261,clueweb12-0007wb-65-05130,-44.0,1
261,clueweb12-1504wb-04-07106,-45.0,0
261,clueweb12-0509wb-73-15549,-46.0,0
261,clueweb12-0509wb-35-28876,-47.0,0
261,clueweb12-0205wb-21-30767,-48.0,0
261,clueweb12-0509wb-42-15522,-49.0,0
261,clueweb12-0804wb-87-03767,-50.0,0
262,clueweb12-0108wb-10-01208,-1.0,0
262,clueweb12-0503wb-83-22993,-2.0,0
262,clueweb12-0503wb-83-22994,-3.0,0
262,clueweb12-0501wb-78-30917,-4.0,1
262,clueweb12-1503wb-76-28845,-5.0,0
262,clueweb12-0918wb-20-22317,-6.0,1
262,clueweb12-0503wb-83-22992,-7.0,0
262,clueweb12-0600tw-12-11385,-8.0,0
262,clueweb12-1505wb-68-29230,-9.0,0
262,clueweb12-0600tw-12-11381,-10.0,0
262,clueweb12-1504wb-74-25878,-11.0,0
262,clueweb12-0510wb-74-03477,-12.0,1
262,clueweb12-1503wb-84-15771,-13.0,0
262,clueweb12-1503wb-29-12976,-14.0,0
262,clueweb12-0202wb-04-31860,-15.0,1
262,clueweb12-1907wb-78-25570,-16.0,1
262,clueweb12-0104wb-77-24408,-17.0,0
262,clueweb12-0503wb-63-14453,-18.0,0
262,clueweb12-1502wb-69-20602,-19.0,0
262,clueweb12-1505wb-28-02105,-20.0,0
262,clueweb12-1800wb-32-02160,-21.0,1
262,clueweb12-1800wb-43-24798,-22.0,1
262,clueweb12-0411wb-37-08459,-23.0,1
262,clueweb12-0301wb-69-05703,-24.0,0
262,clueweb12-0100wb-13-02875,-25.0,1
262,clueweb12-0211wb-10-05221,-26.0,0
262,clueweb12-0503wb-44-21556,-27.0,0
262,clueweb12-0611wb-00-05268,-28.0,0
262,clueweb12-0108wb-36-22169,-29.0,0
262,clueweb12-1506wb-20-17981,-30.0,1
262,clueweb12-1502wb-21-06585,-31.0,0
262,clueweb12-0300tw-13-24801,-32.0,0
262,clueweb12-0108wb-10-01207,-33.0,0
262,clueweb12-0300tw-32-08142,-34.0,0
262,clueweb12-0207wb-40-20849,-35.0,0
262,clueweb12-1308wb-68-21662,-36.0,0
262,clueweb12-0103wb-24-22655,-37.0,1
262,clueweb12-0103wb-54-22581,-38.0,1
262,clueweb12-0104wb-19-29016,-39.0,1
262,clueweb12-0300tw-33-24212,-40.0,1
262,clueweb12-0300tw-33-24211,-41.0,1
262,clueweb12-0300tw-11-25278,-42.0,0
262,clueweb12-0813wb-22-07989,-43.0,1
262,clueweb12-0202wb-17-14367,-44.0,1
262,clueweb12-1114wb-64-14474,-45.0,1
262,clueweb12-0905wb-63-27988,-46.0,0
262,clueweb12-0211wb-37-19992,-47.0,0
262,clueweb12-0005wb-61-24138,-48.0,0
262,clueweb12-0003wb-79-29418,-49.0,0
262,clueweb12-1807wb-36-27118,-50.0,0
263,clueweb12-0013wb-21-30439,-1.0,0
263,clueweb12-0800wb-46-12789,-2.0,0
263,clueweb12-1804wb-97-20269,-3.0,0
263,clueweb12-0100wb-63-30798,-4.0,0
263,clueweb12-1012wb-03-07108,-5.0,1
263,clueweb12-0917wb-44-26583,-6.0,1
263,clueweb12-0410wb-17-19175,-7.0,1
263,clueweb12-1707wb-95-19063,-8.0,0
263,clueweb12-0112wb-25-06470,-9.0,0
263,clueweb12-0101wb-96-08064,-10.0,1
263,clueweb12-0305wb-70-22022,-11.0,0
263,clueweb12-0104wb-91-12218,-12.0,1
263,clueweb12-0708wb-73-10107,-13.0,0
263,clueweb12-0310wb-35-20977,-14.0,1
263,clueweb12-0401wb-90-29205,-15.0,1
263,clueweb12-1409wb-19-21138,-16.0,0
263,clueweb12-1406wb-46-13858,-17.0,0
263,clueweb12-1408wb-97-19407,-18.0,0
263,clueweb12-0714wb-78-18300,-19.0,0
263,clueweb12-0800wb-95-19922,-20.0,1
263,clueweb12-0802wb-82-12794,-21.0,0
263,clueweb12-0007wb-42-13337,-22.0,1
263,clueweb12-0800wb-95-19929,-23.0,1
263,clueweb12-0008wb-13-06917,-24.0,1
263,clueweb12-1018wb-51-21009,-25.0,0
263,clueweb12-0311wb-09-16497,-26.0,0
263,clueweb12-0200tw-37-02912,-27.0,0
263,clueweb12-1405wb-47-10999,-28.0,0
263,clueweb12-0703wb-08-32136,-29.0,1
263,clueweb12-0709wb-98-01964,-30.0,0
263,clueweb12-0709wb-86-00795,-31.0,0
263,clueweb12-1405wb-27-32981,-32.0,0
263,clueweb12-0404wb-24-22018,-33.0,1
263,clueweb12-1216wb-85-12909,-34.0,0
263,clueweb12-0108wb-05-18603,-35.0,1
263,clueweb12-0804wb-35-24216,-36.0,0
263,clueweb12-0013wb-30-18071,-37.0,1
263,clueweb12-0804wb-35-24215,-38.0,0
263,clueweb12-1402wb-78-11196,-39.0,1
263,clueweb12-0305wb-60-09178,-40.0,0
263,clueweb12-1218wb-53-04340,-41.0,0
263,clueweb12-1903wb-94-09755,-42.0,0
263,clueweb12-1103wb-20-11408,-43.0,0
263,clueweb12-0815wb-56-03948,-44.0,0
263,clueweb12-1205wb-63-14629,-45.0,0
263,clueweb12-0502wb-19-26574,-46.0,0
263,clueweb12-0606wb-72-07604,-47.0,0
263,clueweb12-0008wb-24-20569,-48.0,0
263,clueweb12-0009wb-76-15144,-49.0,0
263,clueweb12-0403wb-99-02239,-50.0,0
264,clueweb12-1712wb-57-08042,-1.0,0
264,clueweb12-0204wb-41-24424,-2.0,0
264,clueweb12-0100tw-64-00220,-3.0,0
264,clueweb12-0208wb-29-10767,-4.0,0
264,clueweb12-1505wb-34-14893,-5.0,0
264,clueweb12-0814wb-23-19250,-6.0,0
264,clueweb12-1213wb-25-17150,-7.0,1
264,clueweb12-1905wb-34-14278,-8.0,0
264,clueweb12-1608wb-71-09754,-9.0,0
264,clueweb12-0500wb-06-17799,-10.0,1
264,clueweb12-0708wb-76-12943,-11.0,0
264,clueweb12-0109wb-45-17708,-12.0,2
264,clueweb12-0610wb-26-31481,-13.0,0
264,clueweb12-1608wb-67-02075,-14.0,0
264,clueweb12-0610wb-12-03248,-15.0,0
264,clueweb12-1608wb-67-02074,-16.0,0
264,clueweb12-0204wb-93-28737,-17.0,1
264,clueweb12-0205wb-18-22766,-18.0,1
264,clueweb12-1905wb-41-04604,-19.0,1
264,clueweb12-1712wb-57-08040,-20.0,0
264,clueweb12-0004wb-09-09209,-21.0,1
264,clueweb12-0109wb-37-25741,-22.0,1
264,clueweb12-0605wb-01-04874,-23.0,0
264,clueweb12-0103wb-21-15537,-24.0,0
264,clueweb12-1108wb-71-16703,-25.0,1
264,clueweb12-0310wb-99-11162,-26.0,0
264,clueweb12-0100wb-27-21057,-27.0,0
264,clueweb12-0501wb-12-03358,-28.0,1
264,clueweb12-1305wb-34-01131,-29.0,1
264,clueweb12-0311wb-39-19794,-30.0,0
264,clueweb12-1315wb-80-27925,-31.0,0
264,clueweb12-0100wb-47-02266,-32.0,2
264,clueweb12-0109wb-53-21309,-33.0,1
264,clueweb12-1811wb-47-12328,-34.0,0
264,clueweb12-0705wb-82-16156,-35.0,1
264,clueweb12-0013wb-42-00426,-36.0,1
264,clueweb12-0012wb-76-07880,-37.0,1
264,clueweb12-0605wb-91-25064,-38.0,0
264,clueweb12-1200wb-52-26623,-39.0,0
264,clueweb12-0010wb-45-03274,-40.0,0
264,clueweb12-0406wb-71-01052,-41.0,0
264,clueweb12-0001wb-14-19191,-42.0,0
264,clueweb12-1216wb-48-15994,-43.0,1
264,clueweb12-1301wb-34-05281,-44.0,1
264,clueweb12-0500wb-54-24348,-45.0,2
264,clueweb12-1300wb-94-14257,-46.0,1
264,clueweb12-0107wb-50-20784,-47.0,0
264,clueweb12-0608wb-69-33982,-48.0,0
264,clueweb12-0301wb-51-05209,-49.0,0
264,clueweb12-1117wb-59-12405,-50.0,0
265,clueweb12-0100tw-12-14489,-1.0,0
265,clueweb12-0602wb-68-02683,-2.0,0
265,clueweb12-1706wb-74-09561,-3.0,0
265,clueweb12-0917wb-71-28148,-4.0,0
265,clueweb12-1201tw-08-16574,-5.0,0
265,clueweb12-1500tw-13-13862,-6.0,0
265,clueweb12-0405wb-33-30947,-7.0,0
265,clueweb12-0600tw-08-12973,-8.0,0
265,clueweb12-0304wb-10-21917,-9.0,0
265,clueweb12-0900tw-39-02584,-10.0,0
265,clueweb12-0603wb-32-10764,-11.0,0
265,clueweb12-0604wb-76-02655,-12.0,0
265,clueweb12-1300tw-52-04438,-13.0,1
265,clueweb12-1707wb-16-11842,-14.0,0
265,clueweb12-0408wb-88-11953,-15.0,0
265,clueweb12-0811wb-11-07176,-16.0,1
265,clueweb12-0003wb-87-19172,-17.0,1
265,clueweb12-1102wb-78-09940,-18.0,0
265,clueweb12-0011wb-84-31038,-19.0,2
265,clueweb12-0001wb-50-32895,-20.0,1
265,clueweb12-0808wb-90-18221,-21.0,1
265,clueweb12-0701wb-10-14283,-22.0,0
265,clueweb12-0207wb-28-22816,-23.0,1
265,clueweb12-1400wb-64-13788,-24.0,1
265,clueweb12-0612wb-68-26252,-25.0,0
265,clueweb12-0106wb-36-03446,-26.0,1
265,clueweb12-0212wb-08-21179,-27.0,0
265,clueweb12-0917wb-94-26898,-28.0,0
265,clueweb12-1613wb-85-05643,-29.0,0
265,clueweb12-1412wb-75-09112,-30.0,0
265,clueweb12-0303wb-62-21193,-31.0,0
265,clueweb12-0604wb-41-06839,-32.0,0
265,clueweb12-0201wb-94-27241,-33.0,1
265,clueweb12-1500tw-13-13861,-34.0,0
265,clueweb12-0209wb-89-17492,-35.0,3
265,clueweb12-0005wb-34-00669,-36.0,3
265,clueweb12-0305wb-85-32990,-37.0,0
265,clueweb12-0305wb-32-10098,-38.0,0
265,clueweb12-0210wb-37-11054,-39.0,0
265,clueweb12-1616wb-28-15662,-40.0,0
265,clueweb12-0709wb-89-11180,-41.0,0
265,clueweb12-0300wb-22-27472,-42.0,0
265,clueweb12-0712wb-12-24853,-43.0,0
265,clueweb12-0110wb-16-12385,-44.0,0
265,clueweb12-0207wb-67-30378,-45.0,0
265,clueweb12-0205wb-90-26069,-46.0,0
265,clueweb12-0100wb-29-06042,-47.0,0
265,clueweb12-0710wb-07-06382,-48.0,0
265,clueweb12-1903wb-94-09750,-49.0,0
265,clueweb12-1614wb-69-12249,-50.0,0
266,clueweb12-0003wb-56-28161,-1.0,3
266,clueweb12-0102wb-39-02201,-2.0,4
266,clueweb12-0000wb-77-27010,-3.0,1
266,clueweb12-0000wb-02-07823,-4.0,2
266,clueweb12-0004wb-75-25645,-5.0,1
266,clueweb12-0000wb-77-27009,-6.0,2
266,clueweb12-1809wb-92-13424,-7.0,0
266,clueweb12-1809wb-72-05580,-8.0,0
266,clueweb12-1809wb-24-05865,-9.0,0
266,clueweb12-0000wb-77-27002,-10.0,1
266,clueweb12-0000wb-91-24826,-11.0,2
266,clueweb12-0102wb-29-30041,-12.0,2
266,clueweb12-0107wb-64-02524,-13.0,0
266,clueweb12-1401wb-56-10292,-14.0,0
266,clueweb12-1812wb-02-07266,-15.0,0
266,clueweb12-1809wb-72-05590,-16.0,0
266,clueweb12-1811wb-89-20437,-17.0,0
266,clueweb12-1810wb-47-07562,-18.0,0
266,clueweb12-0112wb-29-06538,-19.0,2
266,clueweb12-0206wb-72-15232,-20.0,2
266,clueweb12-1811wb-81-10466,-21.0,0
266,clueweb12-1811wb-81-10472,-22.0,0
266,clueweb12-1409wb-80-06482,-23.0,0
266,clueweb12-0000wb-90-14917,-24.0,2
266,clueweb12-0000wb-90-14916,-25.0,2
266,clueweb12-1501wb-17-13663,-26.0,0
266,clueweb12-1812wb-69-17752,-27.0,0
266,clueweb12-1503wb-86-19936,-28.0,0
266,clueweb12-0505wb-49-06742,-29.0,3
266,clueweb12-0107wb-87-22651,-30.0,0
266,clueweb12-0010wb-10-06264,-31.0,2
266,clueweb12-0200tw-54-18591,-32.0,0
266,clueweb12-0400wb-39-31916,-33.0,2
266,clueweb12-0001wb-05-19437,-34.0,0
266,clueweb12-1501wb-23-16793,-35.0,0
266,clueweb12-1210wb-86-13997,-36.0,3
266,clueweb12-1414wb-08-10821,-37.0,3
266,clueweb12-0301tw-45-19113,-38.0,1
266,clueweb12-0712wb-57-26417,-39.0,2
266,clueweb12-1003wb-71-24714,-40.0,2
266,clueweb12-1007wb-47-01105,-41.0,0
266,clueweb12-1003wb-26-13870,-42.0,2
266,clueweb12-1905wb-17-09862,-43.0,0
266,clueweb12-0303wb-18-22890,-44.0,0
266,clueweb12-0300tw-85-09166,-45.0,1
266,clueweb12-1803wb-52-26235,-46.0,0
266,clueweb12-1401wb-58-13111,-47.0,0
266,clueweb12-0107wb-46-00173,-48.0,0
266,clueweb12-1803wb-69-12788,-49.0,2
266,clueweb12-1805wb-80-19822,-50.0,0
267,clueweb12-0904wb-84-08073,-1.0,3
267,clueweb12-1207wb-95-26291,-2.0,1
267,clueweb12-0605wb-84-27459,-3.0,1
267,clueweb12-0411wb-87-09747,-4.0,0
267,clueweb12-0006wb-89-31935,-5.0,3
267,clueweb12-1200wb-04-01874,-6.0,0
267,clueweb12-0206wb-17-30810,-7.0,0
267,clueweb12-0203wb-23-07264,-8.0,1
267,clueweb12-0205wb-56-19291,-9.0,1
267,clueweb12-0509wb-29-24258,-10.0,3
267,clueweb12-1508wb-55-09212,-11.0,3
267,clueweb12-0304wb-32-32653,-12.0,2
267,clueweb12-0104wb-58-20255,-13.0,0
267,clueweb12-0003wb-97-22640,-14.0,1
267,clueweb12-0310wb-09-05419,-15.0,1
267,clueweb12-1711wb-45-24817,-16.0,1
267,clueweb12-0005wb-87-27938,-17.0,1
267,clueweb12-0401wb-51-01278,-18.0,1
267,clueweb12-1315wb-76-19670,-19.0,3
267,clueweb12-0310wb-53-29134,-20.0,1
267,clueweb12-0209wb-93-22646,-21.0,3
267,clueweb12-0003wb-97-22634,-22.0,1
267,clueweb12-1414wb-02-01507,-23.0,0
267,clueweb12-0201wb-24-00598,-24.0,1
267,clueweb12-1812wb-38-11295,-25.0,3
267,clueweb12-0911wb-54-20482,-26.0,3
267,clueweb12-0111wb-32-02375,-27.0,3
267,clueweb12-0300wb-14-27256,-28.0,0
267,clueweb12-1714wb-22-16119,-29.0,3
267,clueweb12-0300wb-14-27258,-30.0,0
267,clueweb12-0205wb-22-00278,-31.0,3
267,clueweb12-0112wb-07-29448,-32.0,0
267,clueweb12-0511wb-33-01343,-33.0,1
267,clueweb12-0003wb-84-02678,-34.0,3
267,clueweb12-0203wb-75-06412,-35.0,0
267,clueweb12-0205wb-73-10956,-36.0,0
267,clueweb12-0208wb-31-08431,-37.0,3
267,clueweb12-0714wb-49-02883,-38.0,0
267,clueweb12-0201wb-51-32214,-39.0,3
267,clueweb12-1315wb-86-19273,-40.0,1
267,clueweb12-0011wb-95-22873,-41.0,1
267,clueweb12-0207wb-88-01771,-42.0,1
267,clueweb12-0704wb-13-05259,-43.0,0
267,clueweb12-1506wb-52-01647,-44.0,0
267,clueweb12-1503wb-87-06266,-45.0,3
267,clueweb12-0201wb-41-05802,-46.0,0
267,clueweb12-1314wb-54-05798,-47.0,0
267,clueweb12-0912wb-06-12058,-48.0,3
267,clueweb12-0304wb-87-28560,-49.0,3
267,clueweb12-0205wb-19-25255,-50.0,1
268,clueweb12-1900wb-11-30803,-1.0,3
268,clueweb12-0303wb-99-14382,-2.0,2
268,clueweb12-0715wb-51-02843,-3.0,2
268,clueweb12-0906wb-87-22720,-4.0,2
268,clueweb12-0009wb-50-23933,-5.0,1
268,clueweb12-0008wb-27-23954,-6.0,0
268,clueweb12-0008wb-06-17804,-7.0,2
268,clueweb12-1813wb-27-14199,-8.0,2
268,clueweb12-1802wb-27-10836,-9.0,0
268,clueweb12-1612wb-83-00177,-10.0,2
268,clueweb12-0206wb-89-18579,-11.0,3
268,clueweb12-1208wb-68-07601,-12.0,2
268,clueweb12-1806wb-14-09041,-13.0,2
268,clueweb12-1610wb-42-09256,-14.0,0
268,clueweb12-0203wb-57-31495,-15.0,2
268,clueweb12-0103wb-37-11108,-16.0,2
268,clueweb12-0208wb-18-25672,-17.0,0
268,clueweb12-0303wb-51-30997,-18.0,2
268,clueweb12-0912wb-09-00464,-19.0,2
268,clueweb12-0209wb-12-31134,-20.0,1
268,clueweb12-1313wb-93-11406,-21.0,1
268,clueweb12-1802wb-28-21259,-22.0,2
268,clueweb12-1700wb-02-03178,-23.0,2
268,clueweb12-0512wb-02-25854,-24.0,2
268,clueweb12-0716wb-18-07437,-25.0,1
268,clueweb12-0208wb-96-32199,-26.0,2
268,clueweb12-1712wb-90-16439,-27.0,2
268,clueweb12-1000wb-02-19103,-28.0,2
268,clueweb12-1100tw-92-02044,-29.0,0
268,clueweb12-0006wb-33-12993,-30.0,3
268,clueweb12-1801wb-86-09073,-31.0,1
268,clueweb12-0601wb-79-28457,-32.0,0
268,clueweb12-0402wb-09-06207,-33.0,0
268,clueweb12-0600wb-88-15759,-34.0,0
268,clueweb12-0304wb-78-23736,-35.0,0
268,clueweb12-0604wb-82-25338,-36.0,0
268,clueweb12-0600wb-80-19270,-37.0,0
268,clueweb12-0604wb-65-24463,-38.0,0
268,clueweb12-0604wb-30-09415,-39.0,0
268,clueweb12-0700tw-08-07175,-40.0,0
268,clueweb12-0600wb-80-19291,-41.0,0
268,clueweb12-0305wb-05-30057,-42.0,0
268,clueweb12-0013wb-75-07268,-43.0,1
268,clueweb12-0009wb-20-03721,-44.0,1
268,clueweb12-0006wb-89-32678,-45.0,1
268,clueweb12-0006wb-46-13075,-46.0,2
268,clueweb12-0007wb-16-13886,-47.0,2
268,clueweb12-0210wb-57-01737,-48.0,0
268,clueweb12-0612wb-36-00427,-49.0,0
268,clueweb12-0609wb-26-01612,-50.0,0
269,clueweb12-1405wb-12-22269,-1.0,0
269,clueweb12-1405wb-28-10286,-2.0,0
269,clueweb12-0706wb-55-02582,-3.0,0
269,clueweb12-1400wb-90-25770,-4.0,0
269,clueweb12-1117wb-72-05963,-5.0,0
269,clueweb12-1007wb-50-12263,-6.0,0
269,clueweb12-0009wb-52-27548,-7.0,0
269,clueweb12-0206wb-10-13042,-8.0,0
269,clueweb12-1104wb-09-15981,-9.0,0
269,clueweb12-0800wb-39-28410,-10.0,0
269,clueweb12-0806wb-25-05420,-11.0,0
269,clueweb12-0206wb-17-01218,-12.0,0
269,clueweb12-0103wb-49-31726,-13.0,1
269,clueweb12-0205wb-85-15567,-14.0,0
269,clueweb12-1201wb-35-10652,-15.0,0
269,clueweb12-1201wb-31-15509,-16.0,0
269,clueweb12-0304wb-32-08132,-17.0,0
269,clueweb12-0205wb-15-05506,-18.0,0
269,clueweb12-0205wb-08-30789,-19.0,0
269,clueweb12-0300wb-55-29370,-20.0,0
269,clueweb12-0211wb-57-34088,-21.0,0
269,clueweb12-0300wb-39-14561,-22.0,0
269,clueweb12-0303wb-82-27385,-23.0,0
269,clueweb12-1200wb-64-12192,-24.0,1
269,clueweb12-0300wb-48-07150,-25.0,0
269,clueweb12-0303wb-64-14727,-26.0,0
269,clueweb12-0300wb-48-07157,-27.0,0
269,clueweb12-0303wb-10-15126,-28.0,0
269,clueweb12-0303wb-39-12034,-29.0,0
269,clueweb12-0300wb-39-14564,-30.0,0
269,clueweb12-0300wb-39-14565,-31.0,0
269,clueweb12-0304wb-60-10504,-32.0,0
269,clueweb12-0300wb-55-29373,-33.0,0
269,clueweb12-0310wb-65-04290,-34.0,0
269,clueweb12-0300wb-48-07154,-35.0,0
269,clueweb12-0205wb-08-30792,-36.0,1
269,clueweb12-0811wb-54-24561,-37.0,0
269,clueweb12-0811wb-47-20072,-38.0,0
269,clueweb12-0300wb-39-14567,-39.0,0
269,clueweb12-0917wb-88-19484,-40.0,0
269,clueweb12-1005wb-90-20095,-41.0,0
269,clueweb12-0303wb-10-15125,-42.0,0
269,clueweb12-0205wb-08-30778,-43.0,0
269,clueweb12-0205wb-08-30775,-44.0,0
269,clueweb12-1215wb-97-09913,-45.0,0
269,clueweb12-0000wb-35-00772,-46.0,0
269,clueweb12-1007wb-21-03226,-47.0,0
269,clueweb12-0300wb-48-07155,-48.0,0
269,clueweb12-1413wb-87-10825,-49.0,0
269,clueweb12-0303wb-48-13479,-50.0,0
270,clueweb12-1200tw-91-14083,-1.0,0
270,clueweb12-1611wb-10-27469,-2.0,0
270,clueweb12-0606wb-50-27235,-3.0,0
270,clueweb12-0007wb-32-07014,-4.0,0
270,clueweb12-0402wb-04-18470,-5.0,0
270,clueweb12-1610wb-73-25827,-6.0,0
270,clueweb12-1019wb-28-05394,-7.0,0
270,clueweb12-0007wb-36-07827,-8.0,0
270,clueweb12-0605wb-79-12840,-9.0,0
270,clueweb12-1312wb-29-01648,-10.0,0
270,clueweb12-0208wb-74-24219,-11.0,0
270,clueweb12-0209wb-52-03341,-12.0,0
270,clueweb12-0109wb-62-20400,-13.0,0
270,clueweb12-1610wb-30-16235,-14.0,0
270,clueweb12-0500wb-97-16499,-15.0,0
270,clueweb12-1302wb-60-09844,-16.0,0
270,clueweb12-0510wb-31-25337,-17.0,0
270,clueweb12-1611wb-41-22821,-18.0,0
270,clueweb12-0807wb-26-00827,-19.0,0
270,clueweb12-0103wb-49-08795,-20.0,0
270,clueweb12-1612wb-15-05758,-21.0,0
270,clueweb12-0007wb-54-09684,-22.0,0
270,clueweb12-0606wb-32-21908,-23.0,0
270,clueweb12-1810wb-50-19040,-24.0,1
270,clueweb12-1608wb-29-12869,-25.0,0
270,clueweb12-1809wb-94-10022,-26.0,0
270,clueweb12-1810wb-70-07756,-27.0,0
270,clueweb12-1713wb-19-13566,-28.0,0
270,clueweb12-0707wb-01-18107,-29.0,0
270,clueweb12-0404wb-10-13048,-30.0,2
270,clueweb12-0712wb-63-13584,-31.0,0
270,clueweb12-0606wb-50-27240,-32.0,1
270,clueweb12-0006wb-86-30561,-33.0,0
270,clueweb12-0006wb-86-30558,-34.0,0
270,clueweb12-0207wb-37-20063,-35.0,0
270,clueweb12-0210wb-77-06334,-36.0,0
270,clueweb12-0209wb-19-16728,-37.0,0
270,clueweb12-0207wb-57-34201,-38.0,2
270,clueweb12-0208wb-73-21064,-39.0,2
270,clueweb12-0006wb-93-13859,-40.0,0
270,clueweb12-0606wb-42-06554,-41.0,0
270,clueweb12-0207wb-98-24072,-42.0,0
270,clueweb12-0207wb-59-20389,-43.0,0
270,clueweb12-0001wb-73-31699,-44.0,0
270,clueweb12-0210wb-70-03057,-45.0,0
270,clueweb12-0201wb-26-23830,-46.0,0
270,clueweb12-0001wb-33-12687,-47.0,0
270,clueweb12-0207wb-86-22453,-48.0,0
270,clueweb12-0001wb-33-12670,-49.0,1
270,clueweb12-0300wb-31-32524,-50.0,0
271,clueweb12-0207wb-75-12777,-1.0,0
271,clueweb12-1604wb-57-08499,-2.0,0
271,clueweb12-1810wb-25-14425,-3.0,0
271,clueweb12-0111wb-14-21812,-4.0,0
271,clueweb12-0110wb-23-01062,-5.0,0
271,clueweb12-0207wb-30-15840,-6.0,0
271,clueweb12-1812wb-56-00928,-7.0,0
271,clueweb12-0207wb-75-12775,-8.0,0
271,clueweb12-0212wb-13-27340,-9.0,0
271,clueweb12-0003wb-58-03370,-10.0,0
271,clueweb12-0608wb-44-31971,-11.0,0
271,clueweb12-0100wb-26-08512,-12.0,0
271,clueweb12-0209wb-19-28989,-13.0,0
271,clueweb12-0905wb-26-27557,-14.0,0
271,clueweb12-1601wb-59-00101,-15.0,0
271,clueweb12-1601wb-61-27419,-16.0,0
271,clueweb12-0904wb-88-02276,-17.0,0
271,clueweb12-1601wb-56-11389,-18.0,0
271,clueweb12-1601wb-59-00099,-19.0,0
271,clueweb12-1601wb-59-00100,-20.0,0
271,clueweb12-1601wb-61-27418,-21.0,0
271,clueweb12-0607wb-04-01866,-22.0,0
271,clueweb12-1909wb-67-17921,-23.0,0
271,clueweb12-0609wb-49-16087,-24.0,0
271,clueweb12-0608wb-95-12498,-25.0,0
271,clueweb12-0208wb-90-09933,-26.0,0
271,clueweb12-0212wb-13-27339,-27.0,0
271,clueweb12-1909wb-70-14500,-28.0,0
271,clueweb12-0209wb-00-16980,-29.0,0
271,clueweb12-1106wb-72-15435,-30.0,0
271,clueweb12-0608wb-55-14799,-31.0,0
271,clueweb12-0608wb-95-12502,-32.0,0
271,clueweb12-0609wb-97-22804,-33.0,0
271,clueweb12-0917wb-19-17237,-34.0,0
271,clueweb12-1615wb-56-06494,-35.0,0
271,clueweb12-0917wb-88-17638,-36.0,0
271,clueweb12-0903wb-08-09676,-37.0,0
271,clueweb12-1607wb-32-31732,-38.0,0
271,clueweb12-0208wb-90-09922,-39.0,0
271,clueweb12-0209wb-06-28685,-40.0,0
271,clueweb12-0106wb-29-33362,-41.0,0
271,clueweb12-0210wb-77-18341,-42.0,0
271,clueweb12-0607wb-23-20214,-43.0,0
271,clueweb12-0917wb-95-00197,-44.0,0
271,clueweb12-1507wb-05-12364,-45.0,0
271,clueweb12-1508wb-09-02065,-46.0,0
271,clueweb12-1116wb-82-20630,-47.0,0
271,clueweb12-0800wb-75-05805,-48.0,0
271,clueweb12-0804wb-13-23016,-49.0,0
271,clueweb12-0307wb-94-03374,-50.0,0
272,clueweb12-0110wb-47-31832,-1.0,1
272,clueweb12-0106wb-70-20345,-2.0,1
272,clueweb12-0110wb-05-00608,-3.0,1
272,clueweb12-0110wb-40-30641,-4.0,1
272,clueweb12-0409wb-37-32013,-5.0,1
272,clueweb12-0106wb-65-18697,-6.0,1
272,clueweb12-0409wb-36-10814,-7.0,1
272,clueweb12-0109wb-66-22016,-8.0,1
272,clueweb12-0106wb-38-07951,-9.0,1
272,clueweb12-0109wb-26-24220,-10.0,1
272,clueweb12-0110wb-95-18312,-11.0,1
272,clueweb12-0110wb-12-29075,-12.0,1
272,clueweb12-0106wb-47-18035,-13.0,1
272,clueweb12-0106wb-38-07950,-14.0,1
272,clueweb12-0106wb-14-15154,-15.0,1
272,clueweb12-0409wb-39-21082,-16.0,1
272,clueweb12-0110wb-76-32128,-17.0,1
272,clueweb12-0409wb-85-17123,-18.0,1
272,clueweb12-0409wb-43-27937,-19.0,1
272,clueweb12-0409wb-94-26725,-20.0,1
272,clueweb12-0409wb-67-00249,-21.0,1
272,clueweb12-0409wb-62-04801,-22.0,1
272,clueweb12-0106wb-47-18037,-23.0,1
272,clueweb12-0110wb-22-22521,-24.0,1
272,clueweb12-0106wb-70-20348,-25.0,1
272,clueweb12-0109wb-04-10471,-26.0,1
272,clueweb12-0109wb-18-16624,-27.0,1
272,clueweb12-0409wb-55-27640,-28.0,0
272,clueweb12-0109wb-82-08930,-29.0,1
272,clueweb12-0109wb-66-22015,-30.0,1
272,clueweb12-0110wb-22-22522,-31.0,1
272,clueweb12-0409wb-49-12255,-32.0,1
272,clueweb12-0409wb-67-00252,-33.0,1
272,clueweb12-0409wb-76-02776,-34.0,1
272,clueweb12-0106wb-70-20344,-35.0,1
272,clueweb12-0409wb-67-00250,-36.0,0
272,clueweb12-0409wb-85-17124,-37.0,1
272,clueweb12-0106wb-65-18696,-38.0,1
272,clueweb12-0110wb-31-01782,-39.0,1
272,clueweb12-0409wb-74-08335,-40.0,1
272,clueweb12-0109wb-04-10470,-41.0,0
272,clueweb12-0106wb-14-15155,-42.0,1
272,clueweb12-0012wb-75-07914,-43.0,0
272,clueweb12-0409wb-36-10815,-44.0,0
272,clueweb12-0111wb-37-01141,-45.0,0
272,clueweb12-1504wb-90-16883,-46.0,1
272,clueweb12-1713wb-68-20628,-47.0,0
272,clueweb12-1505wb-15-20192,-48.0,0
272,clueweb12-0109wb-79-04621,-49.0,1
272,clueweb12-1613wb-94-10365,-50.0,0
273,clueweb12-0200wb-08-26822,-1.0,1
273,clueweb12-0108wb-13-27186,-2.0,0
273,clueweb12-1402wb-63-13233,-3.0,0
273,clueweb12-0200wb-81-30100,-4.0,0
273,clueweb12-0202wb-83-06446,-5.0,3
273,clueweb12-0202wb-05-05743,-6.0,1
273,clueweb12-0203wb-78-03197,-7.0,3
273,clueweb12-0204wb-54-20820,-8.0,3
273,clueweb12-0206wb-00-04984,-9.0,3
273,clueweb12-0202wb-81-15746,-10.0,1
273,clueweb12-0204wb-61-01007,-11.0,0
273,clueweb12-0005wb-77-07112,-12.0,0
273,clueweb12-0503wb-58-03162,-13.0,1
273,clueweb12-0917wb-00-27070,-14.0,0
273,clueweb12-1311wb-35-00932,-15.0,0
273,clueweb12-0210wb-96-06933,-16.0,3
273,clueweb12-0109wb-90-12845,-17.0,3
273,clueweb12-1012wb-52-12726,-18.0,0
273,clueweb12-0112wb-05-17870,-19.0,1
273,clueweb12-0501wb-98-04640,-20.0,0
273,clueweb12-0409wb-96-19884,-21.0,0
273,clueweb12-0104wb-18-24894,-22.0,0
273,clueweb12-0305wb-90-17570,-23.0,0
273,clueweb12-0409wb-96-19886,-24.0,0
273,clueweb12-0410wb-07-07582,-25.0,0
273,clueweb12-0409wb-96-19885,-26.0,0
273,clueweb12-1910wb-87-29676,-27.0,0
273,clueweb12-0502wb-68-25862,-28.0,0
273,clueweb12-1012wb-62-02377,-29.0,0
273,clueweb12-1408wb-45-16491,-30.0,4
273,clueweb12-0212wb-12-32020,-31.0,0
273,clueweb12-0400tw-40-09206,-32.0,0
273,clueweb12-1305wb-11-28091,-33.0,0
273,clueweb12-1506wb-18-14959,-34.0,0
273,clueweb12-0910wb-36-27892,-35.0,0
273,clueweb12-0909wb-38-01375,-36.0,0
273,clueweb12-0202wb-99-26311,-37.0,1
273,clueweb12-0003wb-31-11116,-38.0,0
273,clueweb12-0911wb-08-14927,-39.0,0
273,clueweb12-0110wb-79-20775,-40.0,0
273,clueweb12-1307wb-49-28168,-41.0,0
273,clueweb12-0206wb-05-26741,-42.0,0
273,clueweb12-0003wb-94-23327,-43.0,0
273,clueweb12-0704wb-18-00787,-44.0,3
273,clueweb12-0900tw-24-00069,-45.0,0
273,clueweb12-1604wb-64-00132,-46.0,0
273,clueweb12-1009wb-61-21413,-47.0,0
273,clueweb12-0108wb-83-27176,-48.0,0
273,clueweb12-1603wb-09-08701,-49.0,0
273,clueweb12-1501wb-78-15005,-50.0,0
274,clueweb12-0201wb-36-15124,-1.0,1
274,clueweb12-0200tw-52-16937,-2.0,0
274,clueweb12-1803wb-84-18326,-3.0,0
274,clueweb12-1300wb-49-10971,-4.0,0
274,clueweb12-0903wb-90-02854,-5.0,0
274,clueweb12-1303wb-11-16403,-6.0,0
274,clueweb12-1301wb-04-01504,-7.0,0
274,clueweb12-0107wb-47-30822,-8.0,0
274,clueweb12-0502wb-03-07367,-9.0,0
274,clueweb12-1304wb-58-04292,-10.0,0
274,clueweb12-0800tw-65-00061,-11.0,0
274,clueweb12-0107wb-17-33070,-12.0,0
274,clueweb12-0502wb-52-14028,-13.0,0
274,clueweb12-1416wb-79-10043,-14.0,0
274,clueweb12-0008wb-52-20154,-15.0,0
274,clueweb12-1303wb-04-12568,-16.0,0
274,clueweb12-1302wb-00-25404,-17.0,0
274,clueweb12-1302wb-00-25378,-18.0,0
274,clueweb12-1400wb-72-05298,-19.0,1
274,clueweb12-1014wb-64-10330,-20.0,0
274,clueweb12-1015wb-19-32488,-21.0,0
274,clueweb12-1015wb-19-32489,-22.0,0
274,clueweb12-1015wb-19-32490,-23.0,0
274,clueweb12-1015wb-19-32495,-24.0,0
274,clueweb12-1304wb-58-04312,-25.0,0
274,clueweb12-1015wb-19-32491,-26.0,0
274,clueweb12-1014wb-64-10348,-27.0,0
274,clueweb12-1015wb-14-20007,-28.0,0
274,clueweb12-1015wb-19-32493,-29.0,0
274,clueweb12-1304wb-88-18455,-30.0,0
274,clueweb12-1015wb-19-32492,-31.0,0
274,clueweb12-1304wb-13-11639,-32.0,0
274,clueweb12-1015wb-19-32494,-33.0,0
274,clueweb12-1014wb-27-32800,-34.0,0
274,clueweb12-1304wb-88-18456,-35.0,0
274,clueweb12-0112wb-23-21350,-36.0,0
274,clueweb12-0012wb-50-06846,-37.0,0
274,clueweb12-1303wb-94-30334,-38.0,0
274,clueweb12-0001wb-30-36595,-39.0,0
274,clueweb12-1301wb-48-01679,-40.0,0
274,clueweb12-1304wb-58-04291,-41.0,0
274,clueweb12-0108wb-99-22215,-42.0,0
274,clueweb12-0302wb-81-10671,-43.0,0
274,clueweb12-1908wb-85-23455,-44.0,0
274,clueweb12-1213wb-52-21124,-45.0,0
274,clueweb12-1300wb-53-26041,-46.0,0
274,clueweb12-1006wb-81-00294,-47.0,0
274,clueweb12-1907wb-33-01243,-48.0,0
274,clueweb12-0210wb-08-33923,-49.0,0
274,clueweb12-0806wb-14-15948,-50.0,0
275,clueweb12-1218wb-47-20176,-1.0,0
275,clueweb12-1705wb-61-04000,-2.0,0
275,clueweb12-0403wb-88-08042,-3.0,0
275,clueweb12-0311wb-07-06427,-4.0,0
275,clueweb12-0406wb-97-02347,-5.0,0
275,clueweb12-0012wb-26-20810,-6.0,0
275,clueweb12-0001wb-27-33452,-7.0,0
275,clueweb12-0814wb-14-15106,-8.0,0
275,clueweb12-0401wb-58-09871,-9.0,0
275,clueweb12-0103wb-88-32397,-10.0,0
275,clueweb12-1807wb-46-05872,-11.0,0
275,clueweb12-0715wb-28-03648,-12.0,0
275,clueweb12-1807wb-67-16251,-13.0,0
275,clueweb12-0203wb-04-19699,-14.0,0
275,clueweb12-0301tw-53-04722,-15.0,0
275,clueweb12-0406wb-26-12629,-16.0,0
275,clueweb12-0007wb-57-12269,-17.0,0
275,clueweb12-1307wb-91-14487,-18.0,0
275,clueweb12-0202wb-54-26585,-19.0,0
275,clueweb12-0109wb-87-00651,-20.0,0
275,clueweb12-0109wb-88-14547,-21.0,0
275,clueweb12-0102wb-76-00563,-22.0,2
275,clueweb12-0101wb-81-22612,-23.0,1
275,clueweb12-0818wb-12-02237,-24.0,0
275,clueweb12-1617wb-28-07000,-25.0,0
275,clueweb12-0004wb-24-06653,-26.0,0
275,clueweb12-0004wb-48-32246,-27.0,0
275,clueweb12-0702wb-49-00839,-28.0,0
275,clueweb12-0003wb-39-13271,-29.0,0
275,clueweb12-0003wb-86-04564,-30.0,0
275,clueweb12-1008wb-52-02429,-31.0,0
275,clueweb12-1600wb-49-30846,-32.0,0
275,clueweb12-0103wb-79-26050,-33.0,0
275,clueweb12-0209wb-68-25373,-34.0,0
275,clueweb12-0109wb-38-24624,-35.0,0
275,clueweb12-0610wb-17-22835,-36.0,0
275,clueweb12-0406wb-61-04924,-37.0,0
275,clueweb12-0406wb-36-17811,-38.0,0
275,clueweb12-1805wb-68-28237,-39.0,0
275,clueweb12-1809wb-75-16682,-40.0,0
275,clueweb12-1207wb-26-16975,-41.0,0
275,clueweb12-0715wb-89-09141,-42.0,0
275,clueweb12-1001wb-98-05462,-43.0,0
275,clueweb12-0714wb-17-01505,-44.0,0
275,clueweb12-1509wb-76-18394,-45.0,0
275,clueweb12-1105wb-08-14310,-46.0,0
275,clueweb12-0909wb-38-07537,-47.0,0
275,clueweb12-1807wb-64-15197,-48.0,0
275,clueweb12-1807wb-63-03244,-49.0,0
275,clueweb12-1316wb-37-28592,-50.0,0
276,clueweb12-0302wb-01-29363,-1.0,0
276,clueweb12-0813wb-62-08946,-2.0,1
276,clueweb12-0814wb-24-03407,-3.0,1
276,clueweb12-0812wb-09-18577,-4.0,1
276,clueweb12-0305wb-19-01334,-5.0,1
276,clueweb12-0804wb-79-26797,-6.0,2
276,clueweb12-0814wb-55-02847,-7.0,1
276,clueweb12-1814wb-46-16236,-8.0,0
276,clueweb12-0100wb-74-32593,-9.0,1
276,clueweb12-0309wb-85-01842,-10.0,0
276,clueweb12-0010wb-30-21318,-11.0,1
276,clueweb12-0005wb-58-05824,-12.0,1
276,clueweb12-0709wb-79-00723,-13.0,1
276,clueweb12-0609wb-60-29602,-14.0,1
276,clueweb12-0308wb-61-30032,-15.0,2
276,clueweb12-0200wb-32-03565,-16.0,1
276,clueweb12-1900wb-76-17959,-17.0,0
276,clueweb12-1413wb-15-04397,-18.0,0
276,clueweb12-1208wb-72-14454,-19.0,2
276,clueweb12-0310wb-75-09634,-20.0,2
276,clueweb12-1216wb-31-13467,-21.0,0
276,clueweb12-0201wb-34-29700,-22.0,1
276,clueweb12-0805wb-13-01645,-23.0,1
276,clueweb12-0400wb-41-22720,-24.0,0
276,clueweb12-0400wb-56-06385,-25.0,0
276,clueweb12-0008wb-87-17582,-26.0,0
276,clueweb12-1503wb-14-15377,-27.0,3
276,clueweb12-0000wb-61-09631,-28.0,3
276,clueweb12-1708wb-01-24649,-29.0,0
276,clueweb12-0000tw-23-03808,-30.0,2
276,clueweb12-0306wb-12-15103,-31.0,0
276,clueweb12-0306wb-02-01052,-32.0,0
276,clueweb12-0000wb-37-27508,-33.0,3
276,clueweb12-0011wb-30-26808,-34.0,0
276,clueweb12-0306wb-12-15100,-35.0,0
276,clueweb12-1502wb-03-00724,-36.0,1
276,clueweb12-0000wb-00-37000,-37.0,1
276,clueweb12-1400wb-83-17854,-38.0,1
276,clueweb12-0002wb-19-07224,-39.0,2
276,clueweb12-0408wb-87-27892,-40.0,0
276,clueweb12-0000wb-33-03302,-41.0,0
276,clueweb12-0000wb-66-03540,-42.0,3
276,clueweb12-1812wb-32-00414,-43.0,0
276,clueweb12-0900wb-34-11186,-44.0,1
276,clueweb12-0815wb-93-06506,-45.0,1
276,clueweb12-0006wb-01-08156,-46.0,3
276,clueweb12-0002wb-84-27262,-47.0,1
276,clueweb12-0815wb-93-06490,-48.0,1
276,clueweb12-0816wb-13-01914,-49.0,1
276,clueweb12-0010wb-17-03059,-50.0,0
277,clueweb12-0111wb-04-30680,-1.0,2
277,clueweb12-0111wb-24-08783,-2.0,1
277,clueweb12-1808wb-37-10293,-3.0,0
277,clueweb12-0407wb-31-12184,-4.0,0
277,clueweb12-0500wb-20-12250,-5.0,2
277,clueweb12-1207wb-45-05361,-6.0,0
277,clueweb12-1412wb-32-07370,-7.0,0
277,clueweb12-0201wb-71-28829,-8.0,2
277,clueweb12-1705wb-28-06178,-9.0,1
277,clueweb12-1908wb-55-15608,-10.0,0
277,clueweb12-0501wb-82-02158,-11.0,2
277,clueweb12-1207wb-82-12620,-12.0,0
277,clueweb12-0004wb-81-24649,-13.0,0
277,clueweb12-0202wb-78-01741,-14.0,1
277,clueweb12-1706wb-47-01692,-15.0,1
277,clueweb12-0300tw-83-08118,-16.0,0
277,clueweb12-0103wb-30-08005,-17.0,0
277,clueweb12-0111wb-48-04357,-18.0,2
277,clueweb12-0410wb-93-29178,-19.0,2
277,clueweb12-0001wb-40-15281,-20.0,0
277,clueweb12-0007wb-93-17325,-21.0,0
277,clueweb12-0001wb-52-18728,-22.0,0
277,clueweb12-1909wb-81-29679,-23.0,0
277,clueweb12-0105wb-53-06823,-24.0,0
277,clueweb12-0102wb-31-30753,-25.0,0
277,clueweb12-0103wb-77-17177,-26.0,0
277,clueweb12-0102wb-63-07614,-27.0,0
277,clueweb12-0000wb-05-10097,-28.0,0
277,clueweb12-0001wb-25-24620,-29.0,0
277,clueweb12-0701wb-84-10257,-30.0,0
277,clueweb12-0716wb-27-08559,-31.0,0
277,clueweb12-0301wb-74-22948,-32.0,0
277,clueweb12-0103wb-77-17179,-33.0,0
277,clueweb12-0304wb-04-12474,-34.0,0
277,clueweb12-1118wb-33-23581,-35.0,0
277,clueweb12-1813wb-49-05343,-36.0,2
277,clueweb12-0502wb-07-22404,-37.0,0
277,clueweb12-0410wb-55-03376,-38.0,2
277,clueweb12-0912wb-54-03488,-39.0,0
277,clueweb12-0401wb-58-10785,-40.0,0
277,clueweb12-0101wb-60-02444,-41.0,2
277,clueweb12-0301tw-21-07830,-42.0,0
277,clueweb12-1215wb-85-21936,-43.0,0
277,clueweb12-1403wb-61-18810,-44.0,0
277,clueweb12-0303wb-33-23492,-45.0,0
277,clueweb12-1900wb-71-17080,-46.0,0
277,clueweb12-0006wb-89-25651,-47.0,0
277,clueweb12-0103wb-12-25334,-48.0,1
277,clueweb12-0403wb-57-31902,-49.0,0
277,clueweb12-0707wb-66-00431,-50.0,0
278,clueweb12-0602wb-88-00972,-1.0,0
278,clueweb12-1615wb-62-22764,-2.0,0
278,clueweb12-1017wb-80-07773,-3.0,0
278,clueweb12-1504wb-23-05190,-4.0,0
278,clueweb12-0405wb-79-26150,-5.0,0
278,clueweb12-1205wb-32-02428,-6.0,0
278,clueweb12-1000tw-98-05069,-7.0,0
278,clueweb12-1400tw-14-01709,-8.0,0
278,clueweb12-1901wb-36-12567,-9.0,0
278,clueweb12-0201wb-26-19219,-10.0,0
278,clueweb12-1716wb-50-06353,-11.0,0
278,clueweb12-0809wb-02-13475,-12.0,0
278,clueweb12-0405wb-39-00508,-13.0,0
278,clueweb12-0800tw-38-07437,-14.0,0
278,clueweb12-0906wb-05-02236,-15.0,0
278,clueweb12-1904wb-03-07429,-16.0,0
278,clueweb12-1904wb-00-14593,-17.0,0
278,clueweb12-0106wb-60-14113,-18.0,0
278,clueweb12-0404wb-97-04650,-19.0,0
278,clueweb12-1913wb-33-07224,-20.0,0
278,clueweb12-0400wb-11-13189,-21.0,0
278,clueweb12-0902wb-67-07703,-22.0,0
278,clueweb12-0005wb-65-26589,-23.0,0
278,clueweb12-1904wb-28-11121,-24.0,0
278,clueweb12-1912wb-20-14123,-25.0,0
278,clueweb12-1913wb-12-14688,-26.0,0
278,clueweb12-1912wb-43-02876,-27.0,0
278,clueweb12-1912wb-43-02784,-28.0,0
278,clueweb12-1912wb-20-14057,-29.0,0
278,clueweb12-1912wb-20-14193,-30.0,0
278,clueweb12-0700tw-23-01887,-31.0,0
278,clueweb12-1100tw-17-11936,-32.0,0
278,clueweb12-1009wb-77-09088,-33.0,0
278,clueweb12-1807wb-40-31182,-34.0,0
278,clueweb12-0200wb-47-23250,-35.0,0
278,clueweb12-0810wb-45-11761,-36.0,0
278,clueweb12-1100tw-23-05843,-37.0,0
278,clueweb12-1806wb-38-34700,-38.0,0
278,clueweb12-0109wb-32-30936,-39.0,0
278,clueweb12-1009wb-68-02011,-40.0,0
278,clueweb12-1612wb-97-17240,-41.0,0
278,clueweb12-0002wb-45-06361,-42.0,0
278,clueweb12-0005wb-77-26735,-43.0,0
278,clueweb12-0920wb-00-05718,-44.0,0
278,clueweb12-1105wb-54-07001,-45.0,0
278,clueweb12-1006wb-74-08027,-46.0,0
278,clueweb12-0612wb-18-02131,-47.0,0
278,clueweb12-0301wb-94-02103,-48.0,0
278,clueweb12-1804wb-22-22837,-49.0,0
278,clueweb12-0206wb-24-22223,-50.0,0
279,clueweb12-1007wb-25-22531,-1.0,0
279,clueweb12-0005wb-75-16958,-2.0,0
279,clueweb12-0110wb-42-19809,-3.0,1
279,clueweb12-0301wb-32-27575,-4.0,1
279,clueweb12-0302wb-66-06617,-5.0,3
279,clueweb12-1411wb-86-23841,-6.0,1
279,clueweb12-1405wb-50-01995,-7.0,2
279,clueweb12-0111wb-42-21880,-8.0,1
279,clueweb12-0506wb-34-13983,-9.0,1
279,clueweb12-0300tw-69-00239,-10.0,1
279,clueweb12-0300wb-42-24588,-11.0,3
279,clueweb12-1306wb-06-06015,-12.0,1
279,clueweb12-0301tw-58-02872,-13.0,1
279,clueweb12-1306wb-02-02797,-14.0,1
279,clueweb12-0006wb-20-13859,-15.0,1
279,clueweb12-0400wb-52-22545,-16.0,1
279,clueweb12-1313wb-23-03457,-17.0,1
279,clueweb12-1811wb-77-06971,-18.0,1
279,clueweb12-1600wb-58-16194,-19.0,0
279,clueweb12-0108wb-76-30792,-20.0,0
279,clueweb12-0606wb-80-35396,-21.0,3
279,clueweb12-0008wb-72-11113,-22.0,1
279,clueweb12-0203wb-08-29480,-23.0,3
279,clueweb12-0108wb-06-12453,-24.0,2
279,clueweb12-1512wb-90-26689,-25.0,2
279,clueweb12-0406wb-09-27962,-26.0,1
279,clueweb12-1600wb-84-12814,-27.0,2
279,clueweb12-0108wb-76-30788,-28.0,2
279,clueweb12-1516wb-58-17755,-29.0,1
279,clueweb12-0009wb-44-06310,-30.0,0
279,clueweb12-0403wb-99-20345,-31.0,2
279,clueweb12-0311wb-66-22768,-32.0,0
279,clueweb12-1311wb-09-30069,-33.0,0
279,clueweb12-0209wb-98-13300,-34.0,0
279,clueweb12-0010wb-68-03600,-35.0,0
279,clueweb12-0010wb-90-11485,-36.0,0
279,clueweb12-0001wb-48-23513,-37.0,0
279,clueweb12-0307wb-08-18796,-38.0,0
279,clueweb12-0307wb-08-18789,-39.0,0
279,clueweb12-1108wb-17-13246,-40.0,0
279,clueweb12-0001wb-36-26611,-41.0,0
279,clueweb12-0009wb-28-00670,-42.0,0
279,clueweb12-1510wb-84-00954,-43.0,0
279,clueweb12-0303wb-56-28710,-44.0,0
279,clueweb12-1706wb-32-07254,-45.0,0
279,clueweb12-1108wb-77-01334,-46.0,0
279,clueweb12-1108wb-17-13238,-47.0,0
279,clueweb12-1710wb-15-18450,-48.0,0
279,clueweb12-0009wb-32-30209,-49.0,0
279,clueweb12-0609wb-80-15256,-50.0,0
280,clueweb12-0305wb-84-23185,-1.0,1
280,clueweb12-0806wb-32-08913,-2.0,1
280,clueweb12-0806wb-12-10093,-3.0,2
280,clueweb12-0806wb-12-10081,-4.0,2
280,clueweb12-0806wb-21-18129,-5.0,2
280,clueweb12-0206wb-03-24745,-6.0,2
280,clueweb12-1202wb-25-18961,-7.0,0
280,clueweb12-0806wb-32-08907,-8.0,1
280,clueweb12-1201wb-87-25312,-9.0,0
280,clueweb12-1202wb-22-13286,-10.0,0
280,clueweb12-0907wb-50-07228,-11.0,0
280,clueweb12-0909wb-64-19340,-12.0,0
280,clueweb12-1205wb-24-26735,-13.0,0
280,clueweb12-1201wb-96-01029,-14.0,0
280,clueweb12-1200wb-52-06969,-15.0,0
280,clueweb12-0908wb-96-15915,-16.0,0
280,clueweb12-0907wb-50-07227,-17.0,0
280,clueweb12-0908wb-68-09866,-18.0,0
280,clueweb12-0907wb-72-03583,-19.0,0
280,clueweb12-0908wb-42-04106,-20.0,0
280,clueweb12-0913wb-07-19055,-21.0,0
280,clueweb12-0913wb-39-23182,-22.0,0
280,clueweb12-0913wb-15-15595,-23.0,0
280,clueweb12-0907wb-18-19311,-24.0,0
280,clueweb12-0906wb-97-05015,-25.0,0
280,clueweb12-0906wb-97-05014,-26.0,0
280,clueweb12-1906wb-76-25503,-27.0,0
280,clueweb12-1913wb-23-06215,-28.0,0
280,clueweb12-1912wb-63-00292,-29.0,0
280,clueweb12-1913wb-21-21968,-30.0,0
280,clueweb12-1813wb-98-00892,-31.0,0
280,clueweb12-1912wb-85-31200,-32.0,0
280,clueweb12-0910wb-12-14686,-33.0,0
280,clueweb12-0910wb-29-20683,-34.0,0
280,clueweb12-0908wb-40-14834,-35.0,0
280,clueweb12-0908wb-40-14832,-36.0,0
280,clueweb12-1808wb-23-20870,-37.0,0
280,clueweb12-0911wb-37-18485,-38.0,0
280,clueweb12-1913wb-31-02032,-39.0,0
280,clueweb12-0911wb-11-06395,-40.0,0
280,clueweb12-0910wb-76-10691,-41.0,0
280,clueweb12-0910wb-73-01653,-42.0,0
280,clueweb12-0911wb-52-11961,-43.0,0
280,clueweb12-0911wb-11-06396,-44.0,0
280,clueweb12-1913wb-09-11692,-45.0,0
280,clueweb12-0911wb-44-09589,-46.0,0
280,clueweb12-1901wb-38-32774,-47.0,0
280,clueweb12-1901wb-38-32773,-48.0,0
280,clueweb12-0906wb-71-02184,-49.0,0
280,clueweb12-0305wb-30-26571,-50.0,0
281,clueweb12-1717wb-04-14339,-1.0,1
281,clueweb12-0612wb-39-25177,-2.0,1
281,clueweb12-1105wb-10-22195,-3.0,0
281,clueweb12-0000wb-25-25753,-4.0,1
281,clueweb12-1011wb-99-24882,-5.0,1
281,clueweb12-1011wb-99-24881,-6.0,1
281,clueweb12-1813wb-06-18802,-7.0,0
281,clueweb12-1812wb-37-22447,-8.0,0
281,clueweb12-0205wb-16-01378,-9.0,0
281,clueweb12-1011wb-67-16568,-10.0,1
281,clueweb12-1010wb-36-09399,-11.0,1
281,clueweb12-0002wb-60-15371,-12.0,2
281,clueweb12-0405wb-26-12862,-13.0,1
281,clueweb12-1101wb-57-07890,-14.0,0
281,clueweb12-0108wb-00-22017,-15.0,1
281,clueweb12-0900tw-23-13239,-16.0,0
281,clueweb12-0700tw-01-08585,-17.0,1
281,clueweb12-0205wb-42-23537,-18.0,1
281,clueweb12-1800wb-03-02475,-19.0,0
281,clueweb12-1803wb-57-19458,-20.0,0
281,clueweb12-1000tw-14-17824,-21.0,1
281,clueweb12-1813wb-50-21904,-22.0,0
281,clueweb12-1802wb-17-01419,-23.0,1
281,clueweb12-1803wb-66-16736,-24.0,0
281,clueweb12-1304wb-56-12574,-25.0,1
281,clueweb12-1004wb-08-20108,-26.0,0
281,clueweb12-1803wb-66-16735,-27.0,0
281,clueweb12-0405wb-14-02869,-28.0,0
281,clueweb12-1803wb-86-23505,-29.0,0
281,clueweb12-1802wb-17-01433,-30.0,0
281,clueweb12-1814wb-02-32120,-31.0,0
282,clueweb12-0000wb-65-20068,-1.0,1
282,clueweb12-0000wb-31-12737,-2.0,1
282,clueweb12-0302wb-64-02555,-3.0,0
282,clueweb12-1204wb-91-02897,-4.0,0
282,clueweb12-0916wb-39-04874,-5.0,0
282,clueweb12-0301wb-55-20811,-6.0,0
282,clueweb12-0000wb-45-30321,-7.0,0
282,clueweb12-0905wb-58-03694,-8.0,1
282,clueweb12-0201wb-27-31050,-9.0,0
282,clueweb12-0409wb-10-16221,-10.0,0
282,clueweb12-0104wb-04-21749,-11.0,0
282,clueweb12-0306wb-67-18226,-12.0,1
282,clueweb12-0807wb-96-19841,-13.0,1
282,clueweb12-1107wb-89-17681,-14.0,1
282,clueweb12-0200wb-79-18181,-15.0,1
282,clueweb12-0202wb-79-32886,-16.0,0
282,clueweb12-0202wb-52-03944,-17.0,0
282,clueweb12-0703wb-36-19694,-18.0,1
282,clueweb12-0716wb-76-05886,-19.0,1
282,clueweb12-0400tw-14-16626,-20.0,1
282,clueweb12-1804wb-49-27052,-21.0,0
282,clueweb12-1904wb-55-06973,-22.0,1
282,clueweb12-0807wb-10-01159,-23.0,1
282,clueweb12-1303wb-56-00717,-24.0,1
282,clueweb12-0509wb-92-15166,-25.0,1
282,clueweb12-0000wb-71-21209,-26.0,1
282,clueweb12-0010wb-71-21713,-27.0,1
282,clueweb12-0304wb-80-06819,-28.0,0
282,clueweb12-0500tw-38-01767,-29.0,1
282,clueweb12-0403wb-89-26235,-30.0,0
282,clueweb12-0711wb-36-10748,-31.0,1
282,clueweb12-0807wb-19-22442,-32.0,1
282,clueweb12-0010wb-61-19573,-33.0,1
282,clueweb12-0010wb-71-21712,-34.0,1
282,clueweb12-0807wb-02-26291,-35.0,1
282,clueweb12-0010wb-81-00870,-36.0,1
282,clueweb12-0807wb-52-11387,-37.0,1
282,clueweb12-0004wb-93-01861,-38.0,1
282,clueweb12-0600wb-05-14096,-39.0,1
282,clueweb12-0400wb-89-30094,-40.0,0
282,clueweb12-0509wb-72-04448,-41.0,1
282,clueweb12-0200wb-19-05650,-42.0,0
282,clueweb12-0202wb-88-08252,-43.0,0
282,clueweb12-0910wb-87-10747,-44.0,1
282,clueweb12-0402wb-12-27842,-45.0,0
282,clueweb12-0711wb-61-13352,-46.0,1
282,clueweb12-0908wb-95-12512,-47.0,1
282,clueweb12-0511wb-86-07415,-48.0,1
282,clueweb12-0308wb-38-10107,-49.0,0
282,clueweb12-0503wb-69-25374,-50.0,0
283,clueweb12-1509wb-05-04527,-1.0,1
283,clueweb12-1509wb-83-07081,-2.0,1
283,clueweb12-1509wb-83-07080,-3.0,1
283,clueweb12-1509wb-83-07082,-4.0,1
283,clueweb12-1509wb-83-07079,-5.0,1
283,clueweb12-1509wb-79-13134,-6.0,1
283,clueweb12-1509wb-79-13133,-7.0,1
283,clueweb12-1509wb-05-04525,-8.0,1
283,clueweb12-1508wb-58-26127,-9.0,1
283,clueweb12-0400wb-52-07089,-10.0,1
283,clueweb12-1207wb-37-01307,-11.0,3
283,clueweb12-0906wb-70-25786,-12.0,1
283,clueweb12-1411wb-43-15937,-13.0,1
283,clueweb12-0106wb-40-17366,-14.0,2
283,clueweb12-0811wb-68-09896,-15.0,2
283,clueweb12-0905wb-55-09616,-16.0,1
283,clueweb12-0008wb-65-12299,-17.0,3
283,clueweb12-0008wb-65-12303,-18.0,3
283,clueweb12-1302wb-63-00535,-19.0,2
283,clueweb12-0108wb-39-00554,-20.0,2
283,clueweb12-0812wb-25-23296,-21.0,2
283,clueweb12-1509wb-50-22502,-22.0,1
283,clueweb12-1509wb-83-07077,-23.0,1
283,clueweb12-1509wb-83-07076,-24.0,1
283,clueweb12-1509wb-83-07078,-25.0,1
283,clueweb12-1509wb-50-22501,-26.0,1
283,clueweb12-1509wb-05-04526,-27.0,1
283,clueweb12-1509wb-02-12538,-28.0,1
283,clueweb12-1509wb-49-21559,-29.0,1
283,clueweb12-1509wb-83-07084,-30.0,1
283,clueweb12-1509wb-79-13136,-31.0,1
283,clueweb12-1509wb-83-07083,-32.0,1
283,clueweb12-1509wb-79-13135,-33.0,1
283,clueweb12-0903wb-20-32090,-34.0,3
283,clueweb12-1914wb-00-14563,-35.0,1
283,clueweb12-0906wb-70-25783,-36.0,1
283,clueweb12-0902wb-90-01484,-37.0,0
283,clueweb12-1411wb-43-15935,-38.0,1
283,clueweb12-1411wb-48-06836,-39.0,1
283,clueweb12-1204wb-68-21849,-40.0,0
283,clueweb12-0906wb-70-25780,-41.0,1
283,clueweb12-1509wb-49-21558,-42.0,1
283,clueweb12-1509wb-79-13137,-43.0,1
283,clueweb12-1509wb-50-22504,-44.0,1
283,clueweb12-1509wb-79-13138,-45.0,1
283,clueweb12-1509wb-50-22503,-46.0,1
283,clueweb12-1509wb-50-22508,-47.0,1
283,clueweb12-0210wb-01-01693,-48.0,2
283,clueweb12-0405wb-28-14059,-49.0,0
283,clueweb12-0010wb-73-33727,-50.0,2
284,clueweb12-0607wb-16-12146,-1.0,1
284,clueweb12-0201wb-15-14093,-2.0,1
284,clueweb12-0107wb-31-26743,-3.0,1
284,clueweb12-1905wb-83-26162,-4.0,0
284,clueweb12-1909wb-88-30503,-5.0,1
284,clueweb12-0202wb-52-30432,-6.0,1
284,clueweb12-1908wb-53-28430,-7.0,2
284,clueweb12-1019wb-32-16423,-8.0,2
284,clueweb12-0201wb-49-27747,-9.0,1
284,clueweb12-1900wb-01-22959,-10.0,3
284,clueweb12-1906wb-58-21952,-11.0,3
284,clueweb12-1106wb-10-10838,-12.0,3
284,clueweb12-1906wb-58-21953,-13.0,3
284,clueweb12-0203wb-66-25744,-14.0,1
284,clueweb12-0806wb-34-25611,-15.0,0
284,clueweb12-1909wb-93-05823,-16.0,1
284,clueweb12-1514wb-66-26264,-17.0,1
284,clueweb12-1514wb-77-28993,-18.0,1
284,clueweb12-0703wb-08-17627,-19.0,1
284,clueweb12-0005wb-68-03955,-20.0,1
284,clueweb12-1406wb-64-04478,-21.0,2
284,clueweb12-1000tw-19-11710,-22.0,1
284,clueweb12-1000tw-19-11709,-23.0,1
284,clueweb12-0211wb-69-08330,-24.0,2
284,clueweb12-1016wb-91-13196,-25.0,2
284,clueweb12-1912wb-30-27086,-26.0,2
284,clueweb12-1908wb-12-17819,-27.0,1
284,clueweb12-1909wb-38-25531,-28.0,2
284,clueweb12-0300wb-37-17557,-29.0,1
284,clueweb12-0905wb-66-29353,-30.0,2
284,clueweb12-1617wb-23-26604,-31.0,2
284,clueweb12-1911wb-14-23168,-32.0,2
284,clueweb12-0203wb-89-07429,-33.0,1
284,clueweb12-0203wb-42-19664,-34.0,1
284,clueweb12-1909wb-97-07073,-35.0,1
284,clueweb12-1000tw-16-12654,-36.0,0
284,clueweb12-1908wb-36-05547,-37.0,0
284,clueweb12-1103wb-23-09332,-38.0,1
284,clueweb12-0503wb-13-28930,-39.0,1
284,clueweb12-0103wb-23-09356,-40.0,0
284,clueweb12-0203wb-58-31278,-41.0,1
284,clueweb12-0201wb-25-13063,-42.0,1
284,clueweb12-0203wb-89-07431,-43.0,1
284,clueweb12-0201wb-34-04887,-44.0,1
284,clueweb12-1000tw-24-10137,-45.0,0
284,clueweb12-1000tw-16-12653,-46.0,0
284,clueweb12-1000tw-27-08526,-47.0,0
284,clueweb12-0107wb-24-30388,-48.0,0
284,clueweb12-0107wb-17-17757,-49.0,1
284,clueweb12-1502wb-47-12260,-50.0,0
285,clueweb12-1615wb-60-12225,-1.0,1
285,clueweb12-0409wb-15-07647,-2.0,2
285,clueweb12-0409wb-30-22439,-3.0,2
285,clueweb12-0900tw-98-16523,-4.0,2
285,clueweb12-0008wb-90-23772,-5.0,1
285,clueweb12-1302wb-64-09726,-6.0,2
285,clueweb12-1211wb-03-29609,-7.0,2
285,clueweb12-1216wb-83-17735,-8.0,2
285,clueweb12-0209wb-85-29806,-9.0,0
285,clueweb12-1311wb-28-12500,-10.0,0
285,clueweb12-0712wb-45-01994,-11.0,1
285,clueweb12-0105wb-30-09511,-12.0,2
285,clueweb12-0302wb-85-02112,-13.0,2
285,clueweb12-0900tw-65-06356,-14.0,2
285,clueweb12-1600tw-05-10770,-15.0,0
285,clueweb12-0200wb-07-31529,-16.0,0
285,clueweb12-0917wb-01-20869,-17.0,2
285,clueweb12-1104wb-32-04250,-18.0,2
285,clueweb12-0800wb-53-11199,-19.0,2
285,clueweb12-1103wb-62-14304,-20.0,2
285,clueweb12-1713wb-86-18306,-21.0,2
285,clueweb12-1011wb-04-23243,-22.0,1
285,clueweb12-1103wb-74-16451,-23.0,2
285,clueweb12-1811wb-31-07099,-24.0,2
285,clueweb12-0500tw-21-16468,-25.0,1
285,clueweb12-1300tw-22-14286,-26.0,0
285,clueweb12-0818wb-39-25822,-27.0,2
285,clueweb12-0901wb-26-03274,-28.0,2
285,clueweb12-0000wb-58-00480,-29.0,0
285,clueweb12-1310wb-97-31195,-30.0,0
285,clueweb12-0504wb-03-01972,-31.0,0
285,clueweb12-1614wb-36-04850,-32.0,1
285,clueweb12-0901wb-76-23203,-33.0,0
285,clueweb12-1118wb-16-10457,-34.0,0
285,clueweb12-0917wb-42-09854,-35.0,0
285,clueweb12-1812wb-32-08646,-36.0,2
285,clueweb12-0110wb-74-08308,-37.0,3
285,clueweb12-1402wb-15-06423,-38.0,1
285,clueweb12-1800tw-24-03989,-39.0,0
285,clueweb12-0609wb-52-33430,-40.0,0
285,clueweb12-1813wb-00-02272,-41.0,2
285,clueweb12-1811wb-79-17998,-42.0,2
285,clueweb12-0009wb-95-29294,-43.0,2
285,clueweb12-0606wb-65-21093,-44.0,4
285,clueweb12-0405wb-18-16849,-45.0,2
285,clueweb12-1716wb-19-03452,-46.0,2
285,clueweb12-1911wb-20-04117,-47.0,0
285,clueweb12-0407wb-89-05500,-48.0,0
285,clueweb12-0000wb-76-38493,-49.0,2
285,clueweb12-0003wb-11-24794,-50.0,0
286,clueweb12-0006wb-90-19283,-1.0,2
286,clueweb12-1613wb-59-09031,-2.0,0
286,clueweb12-0009wb-06-11781,-3.0,1
286,clueweb12-0009wb-20-31584,-4.0,1
286,clueweb12-0009wb-20-31583,-5.0,1
286,clueweb12-0906wb-06-12920,-6.0,0
286,clueweb12-0108wb-53-33443,-7.0,0
286,clueweb12-0006wb-80-17176,-8.0,2
286,clueweb12-0009wb-06-11779,-9.0,1
286,clueweb12-0009wb-06-11780,-10.0,1
286,clueweb12-0000wb-59-16109,-11.0,1
286,clueweb12-0000wb-47-02863,-12.0,0
286,clueweb12-0008wb-95-05780,-13.0,1
286,clueweb12-0009wb-06-11783,-14.0,0
286,clueweb12-1103wb-48-16097,-15.0,0
286,clueweb12-1803wb-07-07097,-16.0,0
286,clueweb12-0009wb-06-11782,-17.0,1
286,clueweb12-0106wb-72-28561,-18.0,2
286,clueweb12-0106wb-90-13148,-19.0,2
286,clueweb12-0009wb-98-21549,-20.0,1
286,clueweb12-0206wb-07-13499,-21.0,2
286,clueweb12-0000wb-59-16108,-22.0,1
286,clueweb12-0205wb-98-02382,-23.0,2
286,clueweb12-0006wb-85-26713,-24.0,2
286,clueweb12-0208wb-81-23072,-25.0,2
286,clueweb12-0011wb-99-09921,-26.0,2
286,clueweb12-0000wb-46-22718,-27.0,2
286,clueweb12-0201wb-37-15811,-28.0,2
286,clueweb12-0105wb-62-23460,-29.0,2
286,clueweb12-0908wb-23-18639,-30.0,2
286,clueweb12-1705wb-35-21507,-31.0,0
286,clueweb12-0108wb-95-28525,-32.0,0
286,clueweb12-0108wb-53-33444,-33.0,0
286,clueweb12-0006wb-43-29852,-34.0,2
286,clueweb12-0109wb-83-01229,-35.0,0
286,clueweb12-0009wb-20-31585,-36.0,1
286,clueweb12-1613wb-87-16317,-37.0,0
286,clueweb12-1713wb-92-18438,-38.0,0
286,clueweb12-1504wb-34-28931,-39.0,0
286,clueweb12-0109wb-84-20160,-40.0,3
286,clueweb12-0511wb-95-20062,-41.0,3
286,clueweb12-1710wb-89-00637,-42.0,2
286,clueweb12-1404wb-00-29423,-43.0,0
286,clueweb12-1716wb-38-17022,-44.0,2
286,clueweb12-0006wb-34-01023,-45.0,0
286,clueweb12-0101wb-43-30500,-46.0,2
286,clueweb12-0000wb-02-07019,-47.0,0
286,clueweb12-0709wb-98-02228,-48.0,2
286,clueweb12-1713wb-47-24348,-49.0,2
286,clueweb12-0814wb-20-19702,-50.0,3
287,clueweb12-0106wb-14-15659,-1.0,0
287,clueweb12-1204wb-91-03885,-2.0,2
287,clueweb12-0610wb-06-12589,-3.0,0
287,clueweb12-0603wb-68-24841,-4.0,1
287,clueweb12-0511wb-61-15703,-5.0,1
287,clueweb12-0309wb-61-01518,-6.0,3
287,clueweb12-0310wb-13-12141,-7.0,2
287,clueweb12-1021wb-00-09466,-8.0,1
287,clueweb12-1311wb-99-15375,-9.0,3
287,clueweb12-0817wb-25-15773,-10.0,3
287,clueweb12-0902wb-00-07601,-11.0,2
287,clueweb12-0818wb-24-21240,-12.0,2
287,clueweb12-1502wb-13-27336,-13.0,0
287,clueweb12-0207wb-40-09030,-14.0,2
287,clueweb12-0609wb-47-07565,-15.0,3
287,clueweb12-1505wb-79-06860,-16.0,3
287,clueweb12-0200wb-19-13136,-17.0,2
287,clueweb12-0818wb-31-00330,-18.0,2
287,clueweb12-1205wb-23-07264,-19.0,3
287,clueweb12-0511wb-50-07610,-20.0,1
287,clueweb12-0207wb-40-09029,-21.0,2
287,clueweb12-0411wb-63-07994,-22.0,2
287,clueweb12-0918wb-26-05328,-23.0,2
287,clueweb12-1802wb-22-09188,-24.0,0
287,clueweb12-0310wb-48-08260,-25.0,2
287,clueweb12-0103wb-87-16217,-26.0,2
287,clueweb12-1912wb-52-26855,-27.0,2
287,clueweb12-0302wb-68-15698,-28.0,0
287,clueweb12-1204wb-65-03488,-29.0,2
287,clueweb12-0310wb-48-08247,-30.0,2
287,clueweb12-0206wb-09-26211,-31.0,3
287,clueweb12-0106wb-98-05992,-32.0,2
287,clueweb12-1912wb-52-26858,-33.0,0
287,clueweb12-1600wb-84-18233,-34.0,0
287,clueweb12-1710wb-51-09108,-35.0,2
287,clueweb12-1800wb-64-09562,-36.0,1
287,clueweb12-1500tw-27-12509,-37.0,0
287,clueweb12-1210wb-14-02235,-38.0,2
287,clueweb12-1506wb-68-31460,-39.0,0
287,clueweb12-1912wb-58-13094,-40.0,0
287,clueweb12-1515wb-83-19944,-41.0,0
287,clueweb12-0000wb-39-11409,-42.0,0
287,clueweb12-0200wb-53-03737,-43.0,0
287,clueweb12-1515wb-83-19935,-44.0,0
287,clueweb12-1515wb-87-08752,-45.0,0
287,clueweb12-0308wb-26-19271,-46.0,0
287,clueweb12-0601wb-96-11553,-47.0,0
287,clueweb12-0005wb-45-40549,-48.0,0
287,clueweb12-1200wb-75-14100,-49.0,0
287,clueweb12-1515wb-83-19937,-50.0,0
288,clueweb12-0200tw-48-13392,-1.0,0
288,clueweb12-1614wb-26-12595,-2.0,2
288,clueweb12-1200wb-35-26756,-3.0,0
288,clueweb12-0003wb-22-13790,-4.0,2
288,clueweb12-0305wb-74-22166,-5.0,0
288,clueweb12-0305wb-84-16910,-6.0,0
288,clueweb12-1013wb-02-15115,-7.0,1
288,clueweb12-0009wb-20-06050,-8.0,0
288,clueweb12-1814wb-82-17656,-9.0,1
288,clueweb12-1814wb-59-16920,-10.0,1
288,clueweb12-1900wb-46-16512,-11.0,1
288,clueweb12-1900wb-21-18460,-12.0,1
288,clueweb12-1900wb-46-16511,-13.0,1
288,clueweb12-0305wb-64-10898,-14.0,0
288,clueweb12-0010wb-21-15109,-15.0,1
288,clueweb12-0705wb-27-07826,-16.0,1
288,clueweb12-1814wb-62-23986,-17.0,1
288,clueweb12-1412wb-00-01700,-18.0,0
288,clueweb12-0402wb-46-07477,-19.0,2
288,clueweb12-1309wb-66-17090,-20.0,0
288,clueweb12-1309wb-37-20405,-21.0,0
288,clueweb12-0311wb-03-22286,-22.0,1
288,clueweb12-1018wb-57-17604,-23.0,0
288,clueweb12-0207wb-20-30397,-24.0,1
288,clueweb12-1401wb-40-23315,-25.0,1
288,clueweb12-1401wb-53-23705,-26.0,1
288,clueweb12-0202wb-01-11824,-27.0,1
288,clueweb12-0312wb-32-16152,-28.0,1
288,clueweb12-0400wb-18-27038,-29.0,1
288,clueweb12-0603wb-15-04224,-30.0,0
288,clueweb12-1001wb-97-06859,-31.0,2
288,clueweb12-0410wb-76-12329,-32.0,1
288,clueweb12-0111wb-67-32542,-33.0,1
288,clueweb12-0502wb-36-17554,-34.0,1
288,clueweb12-0011wb-31-12242,-35.0,1
288,clueweb12-1400tw-71-15347,-36.0,0
288,clueweb12-0011wb-43-29559,-37.0,1
288,clueweb12-0011wb-43-29572,-38.0,1
288,clueweb12-0011wb-43-29561,-39.0,1
288,clueweb12-0105wb-70-11860,-40.0,2
288,clueweb12-0002wb-93-18513,-41.0,0
288,clueweb12-1906wb-86-12105,-42.0,0
288,clueweb12-0306wb-15-11612,-43.0,1
288,clueweb12-1200tw-76-06025,-44.0,0
288,clueweb12-0306wb-19-02845,-45.0,0
288,clueweb12-1200tw-54-19356,-46.0,0
288,clueweb12-1205wb-69-25894,-47.0,1
288,clueweb12-0301tw-46-00344,-48.0,0
288,clueweb12-0405wb-86-21264,-49.0,0
288,clueweb12-0003wb-28-09834,-50.0,0
289,clueweb12-0303wb-36-00947,-1.0,0
289,clueweb12-0710wb-91-27893,-2.0,0
289,clueweb12-0710wb-80-03921,-3.0,0
289,clueweb12-1603wb-80-19773,-4.0,0
289,clueweb12-0710wb-91-27895,-5.0,0
289,clueweb12-0710wb-91-27896,-6.0,0
289,clueweb12-0710wb-91-27894,-7.0,0
289,clueweb12-0712wb-43-25574,-8.0,0
289,clueweb12-1506wb-14-14283,-9.0,0
289,clueweb12-0709wb-58-09487,-10.0,0
289,clueweb12-0305wb-60-30588,-11.0,0
289,clueweb12-1714wb-82-20080,-12.0,0
289,clueweb12-0709wb-86-23764,-13.0,0
289,clueweb12-1501wb-93-21048,-14.0,0
289,clueweb12-0710wb-91-27898,-15.0,0
289,clueweb12-0305wb-71-09312,-16.0,0
289,clueweb12-0710wb-91-27897,-17.0,0
289,clueweb12-0709wb-58-09486,-18.0,0
289,clueweb12-0709wb-86-23766,-19.0,0
289,clueweb12-1507wb-21-19387,-20.0,1
289,clueweb12-0710wb-80-03919,-21.0,0
289,clueweb12-0709wb-58-09488,-22.0,0
289,clueweb12-0712wb-28-15371,-23.0,0
289,clueweb12-1507wb-21-19385,-24.0,1
289,clueweb12-0709wb-58-09489,-25.0,0
289,clueweb12-1507wb-39-07618,-26.0,1
289,clueweb12-0709wb-58-09482,-27.0,0
289,clueweb12-0709wb-58-09483,-28.0,0
289,clueweb12-0709wb-86-23765,-29.0,0
289,clueweb12-0709wb-58-09484,-30.0,0
289,clueweb12-0709wb-86-23767,-31.0,0
289,clueweb12-0710wb-80-03920,-32.0,0
289,clueweb12-0710wb-80-03918,-33.0,0
289,clueweb12-1501wb-93-21052,-34.0,0
289,clueweb12-1502wb-19-18030,-35.0,0
289,clueweb12-1507wb-21-19386,-36.0,1
289,clueweb12-1501wb-96-20855,-37.0,0
289,clueweb12-1501wb-99-14775,-38.0,0
289,clueweb12-0303wb-59-19623,-39.0,0
289,clueweb12-0712wb-43-25573,-40.0,0
289,clueweb12-1502wb-13-14822,-41.0,0
289,clueweb12-0709wb-58-09490,-42.0,0
289,clueweb12-0709wb-28-16389,-43.0,0
289,clueweb12-0710wb-71-02720,-44.0,0
289,clueweb12-0709wb-58-09485,-45.0,0
289,clueweb12-0002wb-26-20897,-46.0,0
289,clueweb12-0300wb-62-34543,-47.0,0
289,clueweb12-0300wb-71-16762,-48.0,0
289,clueweb12-0300wb-79-33821,-49.0,0
289,clueweb12-0803wb-25-25065,-50.0,0
290,clueweb12-0508wb-02-32063,-1.0,0
290,clueweb12-0403wb-97-29977,-2.0,0
290,clueweb12-1704wb-58-15588,-3.0,0
290,clueweb12-0209wb-68-30926,-4.0,1
290,clueweb12-1008wb-68-03783,-5.0,0
290,clueweb12-0005wb-68-16568,-6.0,0
290,clueweb12-1008wb-42-01011,-7.0,0
290,clueweb12-1711wb-52-15442,-8.0,0
290,clueweb12-1007wb-99-23764,-9.0,0
290,clueweb12-1009wb-76-16683,-10.0,0
290,clueweb12-0008wb-56-02528,-11.0,0
290,clueweb12-0608wb-32-19121,-12.0,0
290,clueweb12-0608wb-22-15839,-13.0,0
290,clueweb12-0008wb-35-24905,-14.0,0
290,clueweb12-0512wb-06-23126,-15.0,0
290,clueweb12-1200tw-87-14156,-16.0,0
290,clueweb12-1009wb-67-08877,-17.0,0
290,clueweb12-0111wb-81-07078,-18.0,0
290,clueweb12-0009wb-00-02105,-19.0,0
290,clueweb12-0608wb-22-15838,-20.0,0
290,clueweb12-0012wb-15-14365,-21.0,1
290,clueweb12-0204wb-56-20068,-22.0,1
290,clueweb12-0608wb-99-00577,-23.0,0
290,clueweb12-0009wb-00-02107,-24.0,0
290,clueweb12-0408wb-05-19252,-25.0,1
290,clueweb12-0009wb-34-12367,-26.0,0
290,clueweb12-0608wb-92-00942,-27.0,0
290,clueweb12-0003wb-68-32400,-28.0,0
290,clueweb12-1109wb-14-03225,-29.0,0
290,clueweb12-0110wb-06-05446,-30.0,0
290,clueweb12-0011wb-44-10111,-31.0,0
290,clueweb12-1814wb-43-27414,-32.0,0
290,clueweb12-1815wb-15-05545,-33.0,0
290,clueweb12-0211wb-48-03428,-34.0,0
290,clueweb12-0503wb-66-07732,-35.0,0
290,clueweb12-0310wb-24-04990,-36.0,1
290,clueweb12-1201wb-26-01399,-37.0,0
290,clueweb12-1502wb-16-32571,-38.0,0
290,clueweb12-0501wb-26-06850,-39.0,0
290,clueweb12-1711wb-67-18188,-40.0,0
290,clueweb12-0102wb-43-07119,-41.0,0
290,clueweb12-0009wb-00-02103,-42.0,0
290,clueweb12-1913wb-33-31831,-43.0,0
290,clueweb12-0603wb-47-01276,-44.0,0
290,clueweb12-0608wb-92-00939,-45.0,0
290,clueweb12-0211wb-64-03617,-46.0,0
290,clueweb12-0202wb-55-19141,-47.0,0
290,clueweb12-1313wb-97-23269,-48.0,0
290,clueweb12-0310wb-32-22735,-49.0,0
290,clueweb12-0212wb-19-09533,-50.0,0
291,clueweb12-1416wb-07-04740,-1.0,0
291,clueweb12-1416wb-03-33817,-2.0,0
291,clueweb12-1414wb-55-24884,-3.0,0
291,clueweb12-1415wb-98-21453,-4.0,0
291,clueweb12-1415wb-98-21450,-5.0,0
291,clueweb12-1415wb-98-21454,-6.0,0
291,clueweb12-1415wb-98-21451,-7.0,0
291,clueweb12-1415wb-98-21452,-8.0,0
291,clueweb12-0211wb-14-25794,-9.0,0
291,clueweb12-1416wb-03-33816,-10.0,0
291,clueweb12-1416wb-03-33815,-11.0,0
291,clueweb12-1416wb-51-22585,-12.0,0
291,clueweb12-1416wb-50-10537,-13.0,0
291,clueweb12-1416wb-51-22542,-14.0,0
291,clueweb12-1416wb-51-22587,-15.0,0
291,clueweb12-1416wb-51-22604,-16.0,0
291,clueweb12-1416wb-50-10535,-17.0,0
291,clueweb12-1416wb-32-27681,-18.0,0
291,clueweb12-1416wb-42-00489,-19.0,0
291,clueweb12-1416wb-32-27668,-20.0,0
291,clueweb12-1416wb-32-27670,-21.0,0
291,clueweb12-1416wb-32-27678,-22.0,0
291,clueweb12-1416wb-18-21855,-23.0,0
291,clueweb12-1416wb-32-27675,-24.0,0
291,clueweb12-1416wb-42-00495,-25.0,0
291,clueweb12-1416wb-32-27666,-26.0,0
291,clueweb12-1416wb-50-10541,-27.0,0
291,clueweb12-1416wb-42-00494,-28.0,0
291,clueweb12-1416wb-47-06519,-29.0,0
291,clueweb12-1416wb-47-06512,-30.0,0
291,clueweb12-1416wb-47-06510,-31.0,0
291,clueweb12-1416wb-47-06502,-32.0,0
291,clueweb12-1416wb-47-06500,-33.0,0
291,clueweb12-1416wb-47-06504,-34.0,0
291,clueweb12-1416wb-47-06518,-35.0,0
291,clueweb12-1416wb-50-10540,-36.0,0
291,clueweb12-1416wb-32-27643,-37.0,0
291,clueweb12-1416wb-42-00459,-38.0,0
291,clueweb12-1416wb-32-27633,-39.0,0
291,clueweb12-1416wb-42-00442,-40.0,0
291,clueweb12-1201wb-92-27408,-41.0,0
291,clueweb12-1416wb-42-00440,-42.0,0
291,clueweb12-1416wb-32-27665,-43.0,0
291,clueweb12-1416wb-18-21819,-44.0,0
291,clueweb12-0210wb-23-02867,-45.0,1
291,clueweb12-0601wb-63-08842,-46.0,0
291,clueweb12-0205wb-63-33993,-47.0,0
291,clueweb12-0204wb-31-04436,-48.0,0
291,clueweb12-0205wb-70-12656,-49.0,0
291,clueweb12-1305wb-55-05334,-50.0,0
292,clueweb12-0111wb-17-31034,-1.0,0
292,clueweb12-0109wb-74-01844,-2.0,1
292,clueweb12-0112wb-04-29172,-3.0,1
292,clueweb12-0111wb-95-00218,-4.0,1
292,clueweb12-0104wb-49-03468,-5.0,2
292,clueweb12-0110wb-18-27172,-6.0,1
292,clueweb12-0110wb-27-03153,-7.0,1
292,clueweb12-0111wb-59-00571,-8.0,0
292,clueweb12-1400tw-47-14197,-9.0,3
292,clueweb12-1714wb-68-21968,-10.0,2
292,clueweb12-1714wb-68-21967,-11.0,2
292,clueweb12-1711wb-14-32463,-12.0,2
292,clueweb12-0109wb-63-33706,-13.0,2
292,clueweb12-0611wb-72-13434,-14.0,1
292,clueweb12-1201tw-04-00737,-15.0,1
292,clueweb12-1714wb-68-21939,-16.0,2
292,clueweb12-1011wb-42-26553,-17.0,0
292,clueweb12-0109wb-89-29935,-18.0,1
292,clueweb12-1913wb-96-00287,-19.0,0
292,clueweb12-0111wb-59-00575,-20.0,2
292,clueweb12-0104wb-49-03469,-21.0,2
292,clueweb12-0104wb-27-05647,-22.0,2
292,clueweb12-0110wb-01-18017,-23.0,2
292,clueweb12-1402wb-78-29241,-24.0,1
292,clueweb12-0105wb-70-16585,-25.0,2
292,clueweb12-0104wb-39-02577,-26.0,2
292,clueweb12-0109wb-20-18020,-27.0,2
292,clueweb12-0111wb-50-12401,-28.0,2
292,clueweb12-0111wb-67-09599,-29.0,2
292,clueweb12-0111wb-59-00572,-30.0,1
292,clueweb12-0815wb-62-24668,-31.0,0
292,clueweb12-0005wb-40-31606,-32.0,1
292,clueweb12-0204wb-92-29223,-33.0,1
292,clueweb12-0100wb-60-19972,-34.0,1
292,clueweb12-1101wb-34-04645,-35.0,1
292,clueweb12-0401wb-52-08290,-36.0,1
292,clueweb12-0406wb-75-01317,-37.0,1
292,clueweb12-1901wb-05-21599,-38.0,1
292,clueweb12-1516wb-07-26928,-39.0,1
292,clueweb12-0404wb-45-06690,-40.0,1
292,clueweb12-0200wb-31-24997,-41.0,0
292,clueweb12-0200wb-93-24747,-42.0,0
292,clueweb12-0111wb-28-01980,-43.0,0
292,clueweb12-0110wb-51-34321,-44.0,0
292,clueweb12-0112wb-04-29177,-45.0,0
292,clueweb12-1702wb-51-06250,-46.0,1
292,clueweb12-0312wb-17-32711,-47.0,0
292,clueweb12-0006wb-01-16007,-48.0,2
292,clueweb12-1013wb-58-00401,-49.0,0
292,clueweb12-0112wb-40-06788,-50.0,0
293,clueweb12-1908wb-56-14234,-1.0,2
293,clueweb12-1602wb-79-04379,-2.0,0
293,clueweb12-1500wb-18-21633,-3.0,1
293,clueweb12-1215wb-30-01350,-4.0,0
293,clueweb12-0900tw-61-07025,-5.0,0
293,clueweb12-1018wb-58-00705,-6.0,0
293,clueweb12-0800tw-88-21727,-7.0,0
293,clueweb12-0901wb-21-13876,-8.0,0
293,clueweb12-0809wb-70-26823,-9.0,0
293,clueweb12-0901wb-17-15146,-10.0,0
293,clueweb12-0901wb-21-13877,-11.0,0
293,clueweb12-0901wb-21-13872,-12.0,0
293,clueweb12-0010wb-53-20029,-13.0,2
293,clueweb12-0011wb-87-17327,-14.0,2
293,clueweb12-0000tw-23-14963,-15.0,2
293,clueweb12-0900wb-99-25010,-16.0,0
293,clueweb12-1900tw-54-11395,-17.0,0
293,clueweb12-1900tw-54-11398,-18.0,0
293,clueweb12-1616wb-67-19390,-19.0,2
293,clueweb12-1114wb-21-24670,-20.0,0
293,clueweb12-1114wb-21-24677,-21.0,0
293,clueweb12-1114wb-65-19929,-22.0,0
293,clueweb12-1114wb-65-19951,-23.0,0
293,clueweb12-1716wb-40-13786,-24.0,0
293,clueweb12-1716wb-48-10971,-25.0,0
293,clueweb12-0010wb-53-20030,-26.0,1
293,clueweb12-0309wb-14-20934,-27.0,2
293,clueweb12-0800tw-88-21728,-28.0,0
293,clueweb12-1716wb-48-10968,-29.0,0
293,clueweb12-1004wb-69-01768,-30.0,2
293,clueweb12-1807wb-22-00591,-31.0,0
293,clueweb12-1716wb-66-18940,-32.0,0
293,clueweb12-1200tw-71-18939,-33.0,2
293,clueweb12-1716wb-48-10973,-34.0,0
293,clueweb12-1716wb-34-28865,-35.0,0
293,clueweb12-1314wb-90-19601,-36.0,0
293,clueweb12-1716wb-48-10974,-37.0,2
293,clueweb12-0000tw-14-08129,-38.0,0
293,clueweb12-1716wb-46-20638,-39.0,2
293,clueweb12-0800wb-05-13358,-40.0,0
293,clueweb12-1805wb-03-02585,-41.0,0
293,clueweb12-1716wb-48-10967,-42.0,0
293,clueweb12-0903wb-60-16527,-43.0,2
293,clueweb12-1715wb-61-02561,-44.0,0
293,clueweb12-1200tw-45-13042,-45.0,0
293,clueweb12-1315wb-22-25798,-46.0,0
293,clueweb12-1716wb-48-10972,-47.0,0
293,clueweb12-1314wb-26-11539,-48.0,0
293,clueweb12-0602wb-35-28407,-49.0,0
293,clueweb12-0717wb-25-18152,-50.0,0
294,clueweb12-1514wb-69-29592,-1.0,0
294,clueweb12-1312wb-95-31455,-2.0,2
294,clueweb12-0815wb-43-14914,-3.0,1
294,clueweb12-1515wb-54-10528,-4.0,0
294,clueweb12-1300wb-99-12853,-5.0,2
294,clueweb12-0001wb-76-31572,-6.0,2
294,clueweb12-1516wb-67-03440,-7.0,0
294,clueweb12-0805wb-87-06515,-8.0,2
294,clueweb12-1307wb-27-19298,-9.0,1
294,clueweb12-1306wb-46-32351,-10.0,1
294,clueweb12-0204wb-78-15122,-11.0,2
294,clueweb12-0802wb-65-12567,-12.0,2
294,clueweb12-0012wb-95-07488,-13.0,2
294,clueweb12-0012wb-80-24059,-14.0,2
294,clueweb12-0002wb-17-30553,-15.0,2
294,clueweb12-0000wb-25-16570,-16.0,2
294,clueweb12-0802wb-25-05037,-17.0,2
294,clueweb12-0012wb-95-07492,-18.0,2
294,clueweb12-0802wb-25-05034,-19.0,2
294,clueweb12-0700tw-74-02689,-20.0,2
294,clueweb12-1716wb-85-16300,-21.0,2
294,clueweb12-0805wb-17-09495,-22.0,2
294,clueweb12-0804wb-05-08794,-23.0,2
294,clueweb12-0012wb-95-07489,-24.0,2
294,clueweb12-0717wb-14-22219,-25.0,2
294,clueweb12-0109wb-35-04089,-26.0,0
294,clueweb12-0012wb-95-07493,-27.0,2
294,clueweb12-0802wb-25-05038,-28.0,2
294,clueweb12-1515wb-89-11789,-29.0,0
294,clueweb12-1515wb-50-17191,-30.0,0
294,clueweb12-1514wb-58-03882,-31.0,0
294,clueweb12-1514wb-16-24944,-32.0,1
294,clueweb12-1513wb-75-03742,-33.0,1
294,clueweb12-0302wb-91-23334,-34.0,0
294,clueweb12-0603wb-04-23227,-35.0,0
294,clueweb12-0009wb-51-05067,-36.0,0
294,clueweb12-0005wb-66-06809,-37.0,0
294,clueweb12-0805wb-37-15015,-38.0,0
294,clueweb12-0011wb-95-26624,-39.0,0
294,clueweb12-1106wb-05-27513,-40.0,0
294,clueweb12-1207wb-03-16744,-41.0,0
294,clueweb12-0400wb-71-24690,-42.0,0
294,clueweb12-1901wb-41-17704,-43.0,2
294,clueweb12-0914wb-70-22342,-44.0,2
294,clueweb12-1300wb-99-12858,-45.0,2
294,clueweb12-1510wb-90-10847,-46.0,2
294,clueweb12-1300wb-99-12860,-47.0,2
294,clueweb12-0804wb-03-21718,-48.0,0
294,clueweb12-0008wb-01-16785,-49.0,0
294,clueweb12-0910wb-66-08769,-50.0,2
295,clueweb12-1903wb-68-00166,-1.0,1
295,clueweb12-1900wb-20-02840,-2.0,1
295,clueweb12-0600tw-27-13080,-3.0,0
295,clueweb12-0202wb-26-17075,-4.0,0
295,clueweb12-1802wb-59-16485,-5.0,0
295,clueweb12-0305wb-13-25970,-6.0,1
295,clueweb12-1803wb-11-13158,-7.0,0
295,clueweb12-1802wb-43-26665,-8.0,0
295,clueweb12-1802wb-69-19845,-9.0,0
295,clueweb12-1802wb-62-15031,-10.0,0
295,clueweb12-0700tw-31-20105,-11.0,0
295,clueweb12-0212wb-30-21606,-12.0,0
295,clueweb12-1802wb-46-27098,-13.0,0
295,clueweb12-1802wb-46-27099,-14.0,0
295,clueweb12-1802wb-40-27349,-15.0,0
295,clueweb12-1802wb-40-27352,-16.0,0
295,clueweb12-1802wb-59-16484,-17.0,0
295,clueweb12-1802wb-54-24358,-18.0,0
295,clueweb12-1802wb-62-15029,-19.0,0
295,clueweb12-1802wb-46-27095,-20.0,1
295,clueweb12-1802wb-77-05625,-21.0,0
295,clueweb12-0305wb-13-25968,-22.0,1
295,clueweb12-1803wb-11-13157,-23.0,0
295,clueweb12-0111wb-33-15349,-24.0,1
295,clueweb12-1405wb-21-06816,-25.0,1
295,clueweb12-1802wb-62-15030,-26.0,1
295,clueweb12-0303wb-05-29393,-27.0,0
295,clueweb12-1600wb-63-29354,-28.0,1
295,clueweb12-1600wb-67-00742,-29.0,1
295,clueweb12-1800wb-75-18491,-30.0,2
295,clueweb12-1404wb-64-13720,-31.0,1
295,clueweb12-1404wb-30-04190,-32.0,2
295,clueweb12-1800wb-75-18490,-33.0,2
295,clueweb12-1600wb-63-29355,-34.0,0
295,clueweb12-1700wb-59-29968,-35.0,1
295,clueweb12-1405wb-00-07074,-36.0,1
295,clueweb12-1407wb-36-02630,-37.0,1
295,clueweb12-1802wb-43-26669,-38.0,0
295,clueweb12-1305wb-12-08577,-39.0,1
295,clueweb12-1405wb-11-00544,-40.0,1
295,clueweb12-1305wb-09-11390,-41.0,1
295,clueweb12-0205wb-84-02938,-42.0,0
295,clueweb12-0507wb-59-30488,-43.0,0
295,clueweb12-1304wb-61-18949,-44.0,1
295,clueweb12-1305wb-09-11395,-45.0,1
295,clueweb12-1305wb-09-11389,-46.0,1
295,clueweb12-0800tw-46-21040,-47.0,0
295,clueweb12-0817wb-27-18378,-48.0,0
295,clueweb12-0800tw-44-07181,-49.0,2
295,clueweb12-0003wb-11-32584,-50.0,0
296,clueweb12-0011wb-52-11640,-1.0,3
296,clueweb12-1006wb-80-11874,-2.0,2
296,clueweb12-0812wb-21-06353,-3.0,2
296,clueweb12-1000wb-27-11119,-4.0,1
296,clueweb12-1511wb-70-35158,-5.0,2
296,clueweb12-1006wb-80-11880,-6.0,2
296,clueweb12-1007wb-22-12099,-7.0,2
296,clueweb12-0304wb-63-25563,-8.0,2
296,clueweb12-1408wb-44-12210,-9.0,2
296,clueweb12-1512wb-03-10968,-10.0,2
296,clueweb12-1004wb-73-18162,-11.0,1
296,clueweb12-1008wb-68-04539,-12.0,1
296,clueweb12-1008wb-69-15032,-13.0,1
296,clueweb12-1008wb-68-04540,-14.0,1
296,clueweb12-0810wb-00-13615,-15.0,2
296,clueweb12-1007wb-87-11199,-16.0,1
296,clueweb12-1004wb-07-15543,-17.0,1
296,clueweb12-1007wb-87-11195,-18.0,1
296,clueweb12-1007wb-87-11200,-19.0,1
296,clueweb12-0013wb-86-13809,-20.0,0
296,clueweb12-0202wb-84-03890,-21.0,0
296,clueweb12-0011wb-74-03257,-22.0,1
296,clueweb12-0112wb-11-24667,-23.0,1
296,clueweb12-0112wb-55-17582,-24.0,1
296,clueweb12-0812wb-20-17267,-25.0,1
296,clueweb12-0100tw-72-02241,-26.0,0
296,clueweb12-0003wb-77-15623,-27.0,1
296,clueweb12-1207wb-56-13781,-28.0,1
296,clueweb12-0512wb-30-02341,-29.0,0
296,clueweb12-1207wb-98-11433,-30.0,1
296,clueweb12-0104wb-34-27718,-31.0,1
296,clueweb12-0411wb-19-09082,-32.0,0
296,clueweb12-0303wb-30-27596,-33.0,0
296,clueweb12-0303wb-47-27552,-34.0,0
296,clueweb12-0303wb-09-29092,-35.0,0
296,clueweb12-0303wb-47-27551,-36.0,0
296,clueweb12-0501wb-89-25570,-37.0,1
296,clueweb12-0800wb-92-01428,-38.0,0
296,clueweb12-0208wb-62-04361,-39.0,0
296,clueweb12-0203wb-45-19066,-40.0,1
296,clueweb12-0210wb-75-15345,-41.0,1
296,clueweb12-1811wb-59-14695,-42.0,0
296,clueweb12-0205wb-92-28302,-43.0,0
296,clueweb12-0200wb-06-26873,-44.0,1
296,clueweb12-0200wb-78-29094,-45.0,0
296,clueweb12-0506wb-03-08729,-46.0,1
296,clueweb12-0501wb-58-10386,-47.0,1
296,clueweb12-0304wb-91-24357,-48.0,1
296,clueweb12-0109wb-28-23682,-49.0,0
296,clueweb12-0909wb-44-25122,-50.0,0
297,clueweb12-0502wb-20-34324,-1.0,2
297,clueweb12-0211wb-15-32580,-2.0,1
297,clueweb12-0107wb-91-09966,-3.0,1
297,clueweb12-0303wb-77-19272,-4.0,0
297,clueweb12-1607wb-27-05051,-5.0,1
297,clueweb12-1705wb-57-08419,-6.0,1
297,clueweb12-0107wb-76-22294,-7.0,0
297,clueweb12-0011wb-44-09775,-8.0,1
297,clueweb12-0408wb-59-13615,-9.0,1
297,clueweb12-1709wb-65-09278,-10.0,0
297,clueweb12-0204wb-99-02613,-11.0,1
297,clueweb12-0304wb-31-17890,-12.0,1
297,clueweb12-0203wb-49-10740,-13.0,0
297,clueweb12-1110wb-85-17696,-14.0,1
297,clueweb12-0100tw-01-09074,-15.0,0
297,clueweb12-0011wb-50-25670,-16.0,0
297,clueweb12-1800tw-54-13112,-17.0,1
297,clueweb12-0605wb-84-07698,-18.0,1
297,clueweb12-0603wb-14-09257,-19.0,1
297,clueweb12-0002wb-44-00400,-20.0,1
297,clueweb12-0812wb-13-12132,-21.0,1
297,clueweb12-0411wb-69-05684,-22.0,1
297,clueweb12-0715wb-14-01761,-23.0,1
297,clueweb12-0302wb-96-27091,-24.0,1
297,clueweb12-0206wb-05-14193,-25.0,1
297,clueweb12-0010wb-21-01455,-26.0,1
297,clueweb12-0609wb-65-03064,-27.0,1
297,clueweb12-0409wb-05-21800,-28.0,1
297,clueweb12-1700wb-60-11594,-29.0,1
297,clueweb12-0210wb-75-10786,-30.0,1
297,clueweb12-1710wb-58-14326,-31.0,1
297,clueweb12-1907wb-58-13625,-32.0,1
297,clueweb12-0013wb-81-07782,-33.0,1
297,clueweb12-0006wb-53-11037,-34.0,1
297,clueweb12-1304wb-05-11995,-35.0,0
297,clueweb12-1100tw-25-06365,-36.0,1
297,clueweb12-1100tw-25-06364,-37.0,1
297,clueweb12-1100tw-27-14776,-38.0,0
297,clueweb12-0602wb-68-10611,-39.0,1
297,clueweb12-0302wb-52-02807,-40.0,1
297,clueweb12-0205wb-50-01815,-41.0,0
297,clueweb12-0307wb-97-22203,-42.0,1
297,clueweb12-0106wb-07-21434,-43.0,0
297,clueweb12-0100tw-07-20018,-44.0,0
297,clueweb12-1011wb-93-02565,-45.0,0
297,clueweb12-1414wb-42-02609,-46.0,0
297,clueweb12-1107wb-31-13038,-47.0,0
297,clueweb12-0713wb-29-06541,-48.0,0
297,clueweb12-1511wb-74-01522,-49.0,0
297,clueweb12-0600wb-54-13794,-50.0,0
298,clueweb12-0507wb-32-20521,-1.0,2
298,clueweb12-0001wb-72-20544,-2.0,2
298,clueweb12-0109wb-29-25304,-3.0,2
298,clueweb12-0201wb-47-32930,-4.0,4
298,clueweb12-0202wb-14-15828,-5.0,4
298,clueweb12-0402wb-64-12388,-6.0,1
298,clueweb12-0301wb-25-33844,-7.0,2
298,clueweb12-1400wb-53-09114,-8.0,2
298,clueweb12-0301wb-17-16280,-9.0,2
298,clueweb12-1401wb-19-24296,-10.0,2
298,clueweb12-0504wb-57-00334,-11.0,2
298,clueweb12-1309wb-75-17022,-12.0,0
298,clueweb12-0501wb-65-03168,-13.0,4
298,clueweb12-0610wb-25-26105,-14.0,1
298,clueweb12-0013wb-35-18153,-15.0,1
298,clueweb12-0210wb-95-28139,-16.0,2
298,clueweb12-0705wb-46-32284,-17.0,2
298,clueweb12-1400wb-16-17682,-18.0,2
298,clueweb12-1305wb-50-27705,-19.0,0
298,clueweb12-1100tw-95-02482,-20.0,3
298,clueweb12-0204wb-88-10480,-21.0,4
298,clueweb12-0612wb-73-07198,-22.0,2
298,clueweb12-0204wb-96-24546,-23.0,4
298,clueweb12-0305wb-73-06360,-24.0,2
298,clueweb12-0906wb-33-01899,-25.0,2
298,clueweb12-0610wb-25-26106,-26.0,1
298,clueweb12-0013wb-63-22659,-27.0,3
298,clueweb12-0304wb-76-05804,-28.0,2
298,clueweb12-0612wb-33-16694,-29.0,1
298,clueweb12-0300wb-09-10128,-30.0,0
298,clueweb12-0102wb-76-10293,-31.0,1
298,clueweb12-0106wb-67-10939,-32.0,1
298,clueweb12-0208wb-51-31049,-33.0,0
298,clueweb12-1514wb-15-22519,-34.0,1
298,clueweb12-1814wb-10-30926,-35.0,1
298,clueweb12-0705wb-12-21554,-36.0,4
298,clueweb12-1901wb-58-13050,-37.0,1
298,clueweb12-0108wb-31-17078,-38.0,3
298,clueweb12-0814wb-65-07706,-39.0,2
298,clueweb12-1300wb-49-01154,-40.0,2
298,clueweb12-1313wb-95-07365,-41.0,2
298,clueweb12-0906wb-26-02252,-42.0,0
298,clueweb12-0204wb-42-02399,-43.0,0
298,clueweb12-1400wb-94-03461,-44.0,2
298,clueweb12-0203wb-80-31126,-45.0,0
298,clueweb12-0311wb-59-24726,-46.0,1
298,clueweb12-0011wb-72-21368,-47.0,0
298,clueweb12-0810wb-14-02123,-48.0,0
298,clueweb12-0209wb-19-32372,-49.0,0
298,clueweb12-0307wb-54-18310,-50.0,0
299,clueweb12-1100tw-30-04269,-1.0,1
299,clueweb12-1001tw-00-14214,-2.0,1
299,clueweb12-0800tw-78-21041,-3.0,1
299,clueweb12-0800tw-80-20483,-4.0,1
299,clueweb12-0800tw-73-22042,-5.0,1
299,clueweb12-0800tw-73-22043,-6.0,1
299,clueweb12-1101tw-18-02894,-7.0,1
299,clueweb12-1100tw-97-10010,-8.0,1
299,clueweb12-1213wb-68-25158,-9.0,0
299,clueweb12-1600tw-12-16386,-10.0,0
299,clueweb12-1000tw-11-05657,-11.0,1
299,clueweb12-1100tw-97-10008,-12.0,1
299,clueweb12-1900tw-05-17904,-13.0,1
299,clueweb12-1101tw-03-21469,-14.0,1
299,clueweb12-1509wb-37-09421,-15.0,1
299,clueweb12-0800tw-30-07308,-16.0,0
299,clueweb12-1000tw-10-09208,-17.0,1
299,clueweb12-1000tw-10-09207,-18.0,1
299,clueweb12-0900tw-75-02771,-19.0,0
299,clueweb12-0900tw-75-02768,-20.0,0
299,clueweb12-0900tw-75-02769,-21.0,0
299,clueweb12-0900tw-75-02770,-22.0,0
299,clueweb12-1100tw-97-10009,-23.0,1
299,clueweb12-1500tw-96-00983,-24.0,2
299,clueweb12-0900tw-99-06355,-25.0,0
299,clueweb12-0800tw-74-18762,-26.0,1
299,clueweb12-0900tw-99-06354,-27.0,0
299,clueweb12-1100tw-99-20315,-28.0,1
299,clueweb12-1100tw-97-10011,-29.0,1
299,clueweb12-1100tw-97-10012,-30.0,1
299,clueweb12-1200tw-55-08445,-31.0,1
299,clueweb12-1200tw-40-02043,-32.0,1
299,clueweb12-1200tw-09-01104,-33.0,1
299,clueweb12-1200tw-55-08447,-34.0,1
299,clueweb12-1200tw-25-00950,-35.0,1
299,clueweb12-1200tw-42-03109,-36.0,1
299,clueweb12-1200tw-67-10541,-37.0,1
299,clueweb12-1200tw-55-08446,-38.0,1
299,clueweb12-0800tw-76-11557,-39.0,1
299,clueweb12-0901tw-03-04858,-40.0,0
299,clueweb12-0901tw-03-04859,-41.0,0
299,clueweb12-1000tw-10-09209,-42.0,1
299,clueweb12-1000tw-12-19452,-43.0,1
299,clueweb12-0800tw-20-16534,-44.0,0
299,clueweb12-0800tw-52-07167,-45.0,0
299,clueweb12-1000tw-79-17094,-46.0,1
299,clueweb12-1110wb-30-07110,-47.0,0
299,clueweb12-1307wb-72-30397,-48.0,0
299,clueweb12-1307wb-72-30404,-49.0,0
299,clueweb12-1911wb-72-02279,-50.0,1
300,clueweb12-0912wb-68-23973,-1.0,0
300,clueweb12-0511wb-05-19311,-2.0,0
300,clueweb12-0816wb-87-17244,-3.0,1
300,clueweb12-1203wb-02-36839,-4.0,0
300,clueweb12-1020wb-25-27222,-5.0,0
300,clueweb12-1209wb-21-17617,-6.0,0
300,clueweb12-1906wb-47-04414,-7.0,1
300,clueweb12-1808wb-93-17166,-8.0,0
300,clueweb12-0310wb-71-00989,-9.0,0
300,clueweb12-1006wb-03-08262,-10.0,1
300,clueweb12-0300wb-94-11136,-11.0,1
300,clueweb12-1100wb-31-24658,-12.0,0
300,clueweb12-1001wb-37-06017,-13.0,1
300,clueweb12-1605wb-74-12271,-14.0,0
300,clueweb12-1001wb-37-06016,-15.0,1
300,clueweb12-1501tw-08-06789,-16.0,0
300,clueweb12-1501tw-08-06790,-17.0,0
300,clueweb12-0803wb-66-22490,-18.0,1
300,clueweb12-0512wb-48-14594,-19.0,0
300,clueweb12-0007wb-47-07647,-20.0,0
300,clueweb12-0210wb-59-11332,-21.0,0
300,clueweb12-0918wb-06-07391,-22.0,0
300,clueweb12-0203wb-11-16944,-23.0,1
300,clueweb12-0917wb-41-16130,-24.0,0
300,clueweb12-1117wb-36-10413,-25.0,0
300,clueweb12-0509wb-62-13011,-26.0,0
300,clueweb12-0510wb-55-07472,-27.0,0
300,clueweb12-0203wb-72-05004,-28.0,0
300,clueweb12-0609wb-19-05990,-29.0,0
300,clueweb12-0604wb-00-09301,-30.0,0
300,clueweb12-0610wb-42-00070,-31.0,0
300,clueweb12-1813wb-01-10678,-32.0,0
300,clueweb12-0917wb-41-16132,-33.0,0
300,clueweb12-0917wb-41-16131,-34.0,0
300,clueweb12-0207wb-01-13318,-35.0,0
300,clueweb12-0508wb-26-11856,-36.0,0
300,clueweb12-0803wb-66-22489,-37.0,0
300,clueweb12-0806wb-28-13973,-38.0,0
300,clueweb12-0311wb-45-20487,-39.0,0
300,clueweb12-0408wb-68-23066,-40.0,0
300,clueweb12-0912wb-24-08280,-41.0,1
300,clueweb12-0106wb-86-00182,-42.0,0
300,clueweb12-0203wb-03-28084,-43.0,0
300,clueweb12-1711wb-30-01804,-44.0,0
300,clueweb12-0602wb-58-29786,-45.0,0
300,clueweb12-0011wb-38-00227,-46.0,0
300,clueweb12-1709wb-38-07285,-47.0,0
300,clueweb12-0712wb-94-14017,-48.0,0
300,clueweb12-0207wb-81-06713,-49.0,0
300,clueweb12-1016wb-82-06029,-50.0,0
